|,|__id,|__title,|__date,|__dateObj,|__instructor,|__onedriveLink,|__section
CS F241,1,Introduction and Handout Discussion,"Jan 29, 2025",29/01/25,Chetan Kumar,https://vspkms110405-my.sharepoint.com/:v:/g/personal/rohan_vspkms110405_onmicrosoft_com/EQDGGRXZg5RAgyW7aFxMnvAB9sSQNBzSvfxBg5X0ts5nHw?e=4Jfqc3,
,2,"Instruction Execution, Memory Operation, Types of Memory","Jan 30, 2025",30/01/25,Chetan Kumar,https://vspkms110405-my.sharepoint.com/:v:/g/personal/rohan_vspkms110405_onmicrosoft_com/EY8vl_Uz4cdFqn6Y9ykcrbMB_2OIOdV9_UFj2pLkanPRPg?nav=eyJyZWZlcnJhbEluZm8iOnsicmVmZXJyYWxBcHAiOiJPbmVEcml2ZUZvckJ1c2luZXNzIiwicmVmZXJyYWxBcHBQbGF0Zm9ybSI6IldlYiIsInJlZmVycmFsTW9kZSI6InZpZXciLCJyZWZlcnJhbFZpZXciOiJNeUZpbGVzTGlua0NvcHkifX0&e=qmClZP,
,3,"8086 Overview, Address, Data and Control Bus","Jan 31, 2025",31/01/25,Chetan Kumar,https://vspkms110405-my.sharepoint.com/:v:/g/personal/rohan_vspkms110405_onmicrosoft_com/EUnptt1nKCNBvHaFoIPCjeABNKeFNIVRN4atjo-gHhvy6A?nav=eyJyZWZlcnJhbEluZm8iOnsicmVmZXJyYWxBcHAiOiJPbmVEcml2ZUZvckJ1c2luZXNzIiwicmVmZXJyYWxBcHBQbGF0Zm9ybSI6IldlYiIsInJlZmVycmFsTW9kZSI6InZpZXciLCJyZWZlcnJhbFZpZXciOiJNeUZpbGVzTGlua0NvcHkifX0&e=oX9ED9,
,4,"8086 Internal Diagram, BIU and EU, 8086 Registers (Including Flag Reg)","Feb 1, 2025",01/02/25,Chetan Kumar,https://vspkms110405-my.sharepoint.com/:v:/g/personal/rohan_vspkms110405_onmicrosoft_com/Ef8dWQZwQodLrrVcsNsgx2cBVnuKWiRW6wyb5Gh-Pne5fg?nav=eyJyZWZlcnJhbEluZm8iOnsicmVmZXJyYWxBcHAiOiJPbmVEcml2ZUZvckJ1c2luZXNzIiwicmVmZXJyYWxBcHBQbGF0Zm9ybSI6IldlYiIsInJlZmVycmFsTW9kZSI6InZpZXciLCJyZWZlcnJhbFZpZXciOiJNeUZpbGVzTGlua0NvcHkifX0&e=b7hzHF,
,5,"8086 Instruction Set, Addressing Modes","Feb 2, 2025",02/02/25,Chetan Kumar,https://vspkms110405-my.sharepoint.com/:v:/g/personal/rohan_vspkms110405_onmicrosoft_com/EVlQL1BjavFKlbSEGvNDO0EBhhLDFIGjEcL2vX7GSXWguw?nav=eyJyZWZlcnJhbEluZm8iOnsicmVmZXJyYWxBcHAiOiJPbmVEcml2ZUZvckJ1c2luZXNzIiwicmVmZXJyYWxBcHBQbGF0Zm9ybSI6IldlYiIsInJlZmVycmFsTW9kZSI6InZpZXciLCJyZWZlcnJhbFZpZXciOiJNeUZpbGVzTGlua0NvcHkifX0&e=Kda83z,
,6,Memory Banking in 8086,"Feb 3, 2025",03/02/25,Chetan Kumar,https://vspkms110405-my.sharepoint.com/:v:/g/personal/rohan_vspkms110405_onmicrosoft_com/EeWb3Ji04tFMnGj1SpgH0ukBF09wfK7XYuGTdu3kWvrW_w?nav=eyJyZWZlcnJhbEluZm8iOnsicmVmZXJyYWxBcHAiOiJPbmVEcml2ZUZvckJ1c2luZXNzIiwicmVmZXJyYWxBcHBQbGF0Zm9ybSI6IldlYiIsInJlZmVycmFsTW9kZSI6InZpZXciLCJyZWZlcnJhbFZpZXciOiJNeUZpbGVzTGlua0NvcHkifX0&e=zzLXp1,
,7,Segmentation And Two Examples,"Feb 4, 2025",04/02/25,Chetan Kumar,https://vspkms110405-my.sharepoint.com/:v:/g/personal/rohan_vspkms110405_onmicrosoft_com/EcCmpzjcRmJIoLUikg6M9tEBvq1gb_0d3cb-KGhSURrolg?nav=eyJyZWZlcnJhbEluZm8iOnsicmVmZXJyYWxBcHAiOiJPbmVEcml2ZUZvckJ1c2luZXNzIiwicmVmZXJyYWxBcHBQbGF0Zm9ybSI6IldlYiIsInJlZmVycmFsTW9kZSI6InZpZXciLCJyZWZlcnJhbFZpZXciOiJNeUZpbGVzTGlua0NvcHkifX0&e=YEYLFY,
,8,"Data Transfer Instructions, ALP Example","Feb 5, 2025",05/02/25,Chetan Kumar,https://vspkms110405-my.sharepoint.com/:v:/g/personal/rohan_vspkms110405_onmicrosoft_com/EUzRiBXynO1Dp3fdl142bGQBgO_s9hc_Yy1fD9DcdIDNVQ?nav=eyJyZWZlcnJhbEluZm8iOnsicmVmZXJyYWxBcHAiOiJPbmVEcml2ZUZvckJ1c2luZXNzIiwicmVmZXJyYWxBcHBQbGF0Zm9ybSI6IldlYiIsInJlZmVycmFsTW9kZSI6InZpZXciLCJyZWZlcnJhbFZpZXciOiJNeUZpbGVzTGlua0NvcHkifX0&e=hvBP42,
,9,8086 Instruction Encoding Format: MOV,"Feb 6, 2025",06/02/25,Chetan Kumar,https://vspkms110405-my.sharepoint.com/:v:/g/personal/rohan_vspkms110405_onmicrosoft_com/EQO-Rhj9TclEpqoA-YFQUPgB6_W7EdWftXb42JSgr7jTPg?nav=eyJyZWZlcnJhbEluZm8iOnsicmVmZXJyYWxBcHAiOiJPbmVEcml2ZUZvckJ1c2luZXNzIiwicmVmZXJyYWxBcHBQbGF0Zm9ybSI6IldlYiIsInJlZmVycmFsTW9kZSI6InZpZXciLCJyZWZlcnJhbFZpZXciOiJNeUZpbGVzTGlua0NvcHkifX0&e=ymKfET,
,10,"Arithmetic Instructions, ALP Examples","Feb 7, 2025",07/02/25,Chetan Kumar,https://vspkms110405-my.sharepoint.com/:v:/g/personal/rohan_vspkms110405_onmicrosoft_com/EaJGhVao-l5Kkl3GHU0CzaIBt4oTj6EkYsvFR9rrw312PA?nav=eyJyZWZlcnJhbEluZm8iOnsicmVmZXJyYWxBcHAiOiJPbmVEcml2ZUZvckJ1c2luZXNzIiwicmVmZXJyYWxBcHBQbGF0Zm9ybSI6IldlYiIsInJlZmVycmFsTW9kZSI6InZpZXciLCJyZWZlcnJhbFZpZXciOiJNeUZpbGVzTGlua0NvcHkifX0&e=eRQfct,
,11,Logical Instructions,"Feb 8, 2025",08/02/25,Chetan Kumar,https://vspkms110405-my.sharepoint.com/:v:/g/personal/rohan_vspkms110405_onmicrosoft_com/EZuKr9zbrGpNqtY-J6IGjSgBn5oah6f2gbHVUN6q8u0ZIw?nav=eyJyZWZlcnJhbEluZm8iOnsicmVmZXJyYWxBcHAiOiJPbmVEcml2ZUZvckJ1c2luZXNzIiwicmVmZXJyYWxBcHBQbGF0Zm9ybSI6IldlYiIsInJlZmVycmFsTW9kZSI6InZpZXciLCJyZWZlcnJhbFZpZXciOiJNeUZpbGVzTGlua0NvcHkifX0&e=s2lVX8,
,12,Branch Instructions,"Feb 9, 2025",09/02/25,Chetan Kumar,https://vspkms110405-my.sharepoint.com/:v:/g/personal/rohan_vspkms110405_onmicrosoft_com/EfQbNgwe_7ZGqwgy9TrA8ZABaNMjCpuCDs9fDWwNo-n3Sw?nav=eyJyZWZlcnJhbEluZm8iOnsicmVmZXJyYWxBcHAiOiJPbmVEcml2ZUZvckJ1c2luZXNzIiwicmVmZXJyYWxBcHBQbGF0Zm9ybSI6IldlYiIsInJlZmVycmFsTW9kZSI6InZpZXciLCJyZWZlcnJhbFZpZXciOiJNeUZpbGVzTGlua0NvcHkifX0&e=8m8NmI,
,13,Branch Instructions Part 2,"Feb 10, 2025",10/02/25,Chetan Kumar,https://vspkms110405-my.sharepoint.com/:v:/g/personal/rohan_vspkms110405_onmicrosoft_com/EcTRyhU7HUNItxm9DSCW5T8BuFMqO4bHYauel1Q1j_Orsw?nav=eyJyZWZlcnJhbEluZm8iOnsicmVmZXJyYWxBcHAiOiJPbmVEcml2ZUZvckJ1c2luZXNzIiwicmVmZXJyYWxBcHBQbGF0Zm9ybSI6IldlYiIsInJlZmVycmFsTW9kZSI6InZpZXciLCJyZWZlcnJhbFZpZXciOiJNeUZpbGVzTGlua0NvcHkifX0&e=PfbpBH,
,14,String Instructions,"Feb 11, 2025",11/02/25,Chetan Kumar,https://vspkms110405-my.sharepoint.com/:v:/g/personal/rohan_vspkms110405_onmicrosoft_com/ES6J7mpABAFDqECocIo4RDgBMkkIJz3d2FiqNz2O-u79bQ?nav=eyJyZWZlcnJhbEluZm8iOnsicmVmZXJyYWxBcHAiOiJPbmVEcml2ZUZvckJ1c2luZXNzIiwicmVmZXJyYWxBcHBQbGF0Zm9ybSI6IldlYiIsInJlZmVycmFsTW9kZSI6InZpZXciLCJyZWZlcnJhbFZpZXciOiJNeUZpbGVzTGlua0NvcHkifX0&e=ICiAUT,
,15,"String Instructions (Lods, Stos, Cmps)","Feb 12, 2025",12/02/25,Chetan Kumar,https://vspkms110405-my.sharepoint.com/:v:/g/personal/rohan_vspkms110405_onmicrosoft_com/EXK_p2wL0qRPtZUlyi41TB8BqBBA3Cu5AtYZtvAfCZ1mrw?nav=eyJyZWZlcnJhbEluZm8iOnsicmVmZXJyYWxBcHAiOiJPbmVEcml2ZUZvckJ1c2luZXNzIiwicmVmZXJyYWxBcHBQbGF0Zm9ybSI6IldlYiIsInJlZmVycmFsTW9kZSI6InZpZXciLCJyZWZlcnJhbFZpZXciOiJNeUZpbGVzTGlua0NvcHkifX0&e=bWXvOv,
,16,Some Special 8086 Instructions,"Feb 13, 2025",13/02/25,Chetan Kumar,https://vspkms110405-my.sharepoint.com/:v:/g/personal/rohan_vspkms110405_onmicrosoft_com/EeiuCt3GX3dHiQ1x9gGWNQUB5dnLbo8BwVmFdhA4N2IDog?nav=eyJyZWZlcnJhbEluZm8iOnsicmVmZXJyYWxBcHAiOiJPbmVEcml2ZUZvckJ1c2luZXNzIiwicmVmZXJyYWxBcHBQbGF0Zm9ybSI6IldlYiIsInJlZmVycmFsTW9kZSI6InZpZXciLCJyZWZlcnJhbFZpZXciOiJNeUZpbGVzTGlua0NvcHkifX0&e=tT79tn,
,17,Stack Instructions,"Feb 14, 2025",14/02/25,Chetan Kumar,https://vspkms110405-my.sharepoint.com/:v:/g/personal/rohan_vspkms110405_onmicrosoft_com/ES8hIH1aqGBGsfcVm8ZZXVQBJVMD2LddTgWP4ItoejM6dQ?nav=eyJyZWZlcnJhbEluZm8iOnsicmVmZXJyYWxBcHAiOiJPbmVEcml2ZUZvckJ1c2luZXNzIiwicmVmZXJyYWxBcHBQbGF0Zm9ybSI6IldlYiIsInJlZmVycmFsTW9kZSI6InZpZXciLCJyZWZlcnJhbFZpZXciOiJNeUZpbGVzTGlua0NvcHkifX0&e=aiMzsl,
,18,Procedures,"Feb 17, 2025",17/02/25,Chetan Kumar,https://vspkms110405-my.sharepoint.com/:v:/g/personal/rohan_vspkms110405_onmicrosoft_com/ESxiYdqOYpdOu5EjlvDK1RIBeiv20VZ-8hm1ewNLYYv14Q?nav=eyJyZWZlcnJhbEluZm8iOnsicmVmZXJyYWxBcHAiOiJPbmVEcml2ZUZvckJ1c2luZXNzIiwicmVmZXJyYWxBcHBQbGF0Zm9ybSI6IldlYiIsInJlZmVycmFsTW9kZSI6InZpZXciLCJyZWZlcnJhbFZpZXciOiJNeUZpbGVzTGlua0NvcHkifX0&e=9AC8Ww,
,19,No Topic Entered,"Feb 19, 2025",19/02/25,Chetan Kumar,https://vspkms110405-my.sharepoint.com/:v:/g/personal/rohan_vspkms110405_onmicrosoft_com/EYdBjTHSLHZPoHdPuhG_kFQBhqbPsQTwTDtCFFv27QAG7g?nav=eyJyZWZlcnJhbEluZm8iOnsicmVmZXJyYWxBcHAiOiJPbmVEcml2ZUZvckJ1c2luZXNzIiwicmVmZXJyYWxBcHBQbGF0Zm9ybSI6IldlYiIsInJlZmVycmFsTW9kZSI6InZpZXciLCJyZWZlcnJhbFZpZXciOiJNeUZpbGVzTGlua0NvcHkifX0&e=4Wuqgs,
,20,No Topic Entered,"Feb 21, 2025",21/02/25,Chetan Kumar,https://vspkms110405-my.sharepoint.com/:v:/g/personal/rohan_vspkms110405_onmicrosoft_com/EVslWn2lTP9IseUcmPRcXjoBtuoVASKk2PEWZ0zQzWjFOw?nav=eyJyZWZlcnJhbEluZm8iOnsicmVmZXJyYWxBcHAiOiJPbmVEcml2ZUZvckJ1c2luZXNzIiwicmVmZXJyYWxBcHBQbGF0Zm9ybSI6IldlYiIsInJlZmVycmFsTW9kZSI6InZpZXciLCJyZWZlcnJhbFZpZXciOiJNeUZpbGVzTGlua0NvcHkifX0&e=k81ZzK,
,21,No Topic Entered,"Feb 24, 2025",24/02/25,Chetan Kumar,https://vspkms110405-my.sharepoint.com/:v:/g/personal/rohan_vspkms110405_onmicrosoft_com/EcDetPN3OjFEs5QmkVujpv4B0Z6AXTVbqOvvp_esDm9I0A?nav=eyJyZWZlcnJhbEluZm8iOnsicmVmZXJyYWxBcHAiOiJPbmVEcml2ZUZvckJ1c2luZXNzIiwicmVmZXJyYWxBcHBQbGF0Zm9ybSI6IldlYiIsInJlZmVycmFsTW9kZSI6InZpZXciLCJyZWZlcnJhbFZpZXciOiJNeUZpbGVzTGlua0NvcHkifX0&e=mF2xnC,
,22,No Topic Entered,"Mar 10, 2025",10/03/25,Chetan Kumar,https://vspkms110405-my.sharepoint.com/:v:/g/personal/rohan_vspkms110405_onmicrosoft_com/EUg3uUx6vzJImNO-hqFNm9QB20TOJ1YV4ASXTCwUe1qcUA?nav=eyJyZWZlcnJhbEluZm8iOnsicmVmZXJyYWxBcHAiOiJPbmVEcml2ZUZvckJ1c2luZXNzIiwicmVmZXJyYWxBcHBQbGF0Zm9ybSI6IldlYiIsInJlZmVycmFsTW9kZSI6InZpZXciLCJyZWZlcnJhbFZpZXciOiJNeUZpbGVzTGlua0NvcHkifX0&e=9z7aZU,
,23,No Topic Entered,"Mar 12, 2025",12/03/25,Chetan Kumar,https://vspkms110405-my.sharepoint.com/:v:/g/personal/rohan_vspkms110405_onmicrosoft_com/Efvszih3HBBJm_O9k97VqNwByQcfWNuJJ66ExWxbRCMn3Q?nav=eyJyZWZlcnJhbEluZm8iOnsicmVmZXJyYWxBcHAiOiJPbmVEcml2ZUZvckJ1c2luZXNzIiwicmVmZXJyYWxBcHBQbGF0Zm9ybSI6IldlYiIsInJlZmVycmFsTW9kZSI6InZpZXciLCJyZWZlcnJhbFZpZXciOiJNeUZpbGVzTGlua0NvcHkifX0&e=siidRT,
CS F212,1,Handout Discussion,"Jan 7, 2025",07/01/25,R Gururaj,https://vspkms110405-my.sharepoint.com/:v:/g/personal/rohan_vspkms110405_onmicrosoft_com/EdsLYbTqBD5JsiuAgcSjQs8B5aGR6f6720bxZb5EkBfBQQ?nav=eyJyZWZlcnJhbEluZm8iOnsicmVmZXJyYWxBcHAiOiJPbmVEcml2ZUZvckJ1c2luZXNzIiwicmVmZXJyYWxBcHBQbGF0Zm9ybSI6IldlYiIsInJlZmVycmFsTW9kZSI6InZpZXciLCJyZWZlcnJhbFZpZXciOiJNeUZpbGVzTGlua0NvcHkifX0&e=OENMPl,
,2,Why Use Databases,"Jan 8, 2025",08/01/25,R Gururaj,https://vspkms110405-my.sharepoint.com/:v:/g/personal/rohan_vspkms110405_onmicrosoft_com/EWKA0gh19ARJm7FfZ5poV54BxIAAjRl9xFQSoLIIk8K6Ew?nav=eyJyZWZlcnJhbEluZm8iOnsicmVmZXJyYWxBcHAiOiJPbmVEcml2ZUZvckJ1c2luZXNzIiwicmVmZXJyYWxBcHBQbGF0Zm9ybSI6IldlYiIsInJlZmVycmFsTW9kZSI6InZpZXciLCJyZWZlcnJhbFZpZXciOiJNeUZpbGVzTGlua0NvcHkifX0&e=nzTd43,
,3,What Is ER And Representational Models,"Jan 9, 2025",09/01/25,R Gururaj,https://vspkms110405-my.sharepoint.com/:v:/g/personal/rohan_vspkms110405_onmicrosoft_com/EYO5fqVdlGlHuFtZn8I1hU8ByHOlyBuctCOJxZhvcoGTeQ?nav=eyJyZWZlcnJhbEluZm8iOnsicmVmZXJyYWxBcHAiOiJPbmVEcml2ZUZvckJ1c2luZXNzIiwicmVmZXJyYWxBcHBQbGF0Zm9ybSI6IldlYiIsInJlZmVycmFsTW9kZSI6InZpZXciLCJyZWZlcnJhbFZpZXciOiJNeUZpbGVzTGlua0NvcHkifX0&e=ojemzE,
,4,Database Schema And Structure,"Jan 15, 2025",15/01/25,R Gururaj,https://vspkms110405-my.sharepoint.com/:v:/g/personal/rohan_vspkms110405_onmicrosoft_com/EQZDxtM_8QxFhMSF2gsSNxIBTux2uc6hnHsu4Vb42k7ZnQ?nav=eyJyZWZlcnJhbEluZm8iOnsicmVmZXJyYWxBcHAiOiJPbmVEcml2ZUZvckJ1c2luZXNzIiwicmVmZXJyYWxBcHBQbGF0Zm9ybSI6IldlYiIsInJlZmVycmFsTW9kZSI6InZpZXciLCJyZWZlcnJhbFZpZXciOiJNeUZpbGVzTGlua0NvcHkifX0&e=C3L4Wa,
,5,"Tuples, Schemas And...","Jan 16, 2025",16/01/25,R Gururaj,https://vspkms110405-my.sharepoint.com/:v:/g/personal/rohan_vspkms110405_onmicrosoft_com/EYGQZVuQlllHt9JpL_gf6GwBTE29x0G0ahz2QX8aarlSsA?nav=eyJyZWZlcnJhbEluZm8iOnsicmVmZXJyYWxBcHAiOiJPbmVEcml2ZUZvckJ1c2luZXNzIiwicmVmZXJyYWxBcHBQbGF0Zm9ybSI6IldlYiIsInJlZmVycmFsTW9kZSI6InZpZXciLCJyZWZlcnJhbFZpZXciOiJNeUZpbGVzTGlua0NvcHkifX0&e=HQtUfn,
,6,Relational Constraints,"Jan 21, 2025",21/01/25,R Gururaj,https://vspkms110405-my.sharepoint.com/:v:/g/personal/rohan_vspkms110405_onmicrosoft_com/EVn6v9TkU9lFhgmMqUJ17vkB4dlORBSAoIimY8IYbRyirw?nav=eyJyZWZlcnJhbEluZm8iOnsicmVmZXJyYWxBcHAiOiJPbmVEcml2ZUZvckJ1c2luZXNzIiwicmVmZXJyYWxBcHBQbGF0Zm9ybSI6IldlYiIsInJlZmVycmFsTW9kZSI6InZpZXciLCJyZWZlcnJhbFZpZXciOiJNeUZpbGVzTGlua0NvcHkifX0&e=vvgzhk,
,7,Intro To SQL,"Jan 22, 2025",22/01/25,R Gururaj,https://vspkms110405-my.sharepoint.com/:v:/g/personal/rohan_vspkms110405_onmicrosoft_com/ER6Y4159gFFApEesVR2jL3kBQ4J5EWYgwu1-OBosq7MLug?nav=eyJyZWZlcnJhbEluZm8iOnsicmVmZXJyYWxBcHAiOiJPbmVEcml2ZUZvckJ1c2luZXNzIiwicmVmZXJyYWxBcHBQbGF0Zm9ybSI6IldlYiIsInJlZmVycmFsTW9kZSI6InZpZXciLCJyZWZlcnJhbFZpZXciOiJNeUZpbGVzTGlua0NvcHkifX0&e=ZSI6Ht,
,8,No Topic Entered,"Jan 23, 2025",23/01/25,R Gururaj,https://vspkms110405-my.sharepoint.com/:v:/g/personal/rohan_vspkms110405_onmicrosoft_com/EbtjY0CCVflJiTkpdpJg91IBtfM1n72m31vdltl09IC-Lg?nav=eyJyZWZlcnJhbEluZm8iOnsicmVmZXJyYWxBcHAiOiJPbmVEcml2ZUZvckJ1c2luZXNzIiwicmVmZXJyYWxBcHBQbGF0Zm9ybSI6IldlYiIsInJlZmVycmFsTW9kZSI6InZpZXciLCJyZWZlcnJhbFZpZXciOiJNeUZpbGVzTGlua0NvcHkifX0&e=TJVsCZ,
,9,No Topic Entered,"Jan 28, 2025",28/01/25,R Gururaj,https://vspkms110405-my.sharepoint.com/:v:/g/personal/rohan_vspkms110405_onmicrosoft_com/Ed7t3q39xG5Kn8Szv3VCJU4BAJGrXGY5nwCYU4C1Ja7qdw?nav=eyJyZWZlcnJhbEluZm8iOnsicmVmZXJyYWxBcHAiOiJPbmVEcml2ZUZvckJ1c2luZXNzIiwicmVmZXJyYWxBcHBQbGF0Zm9ybSI6IldlYiIsInJlZmVycmFsTW9kZSI6InZpZXciLCJyZWZlcnJhbFZpZXciOiJNeUZpbGVzTGlua0NvcHkifX0&e=W58kwa,
,10,No Topic Entered,"Jan 29, 2025",29/01/25,R Gururaj,https://vspkms110405-my.sharepoint.com/:v:/g/personal/rohan_vspkms110405_onmicrosoft_com/ERFebL1p8hdLlTgGYSyrwNIB30XcW0rneH8cN6CtCSRdZw?nav=eyJyZWZlcnJhbEluZm8iOnsicmVmZXJyYWxBcHAiOiJPbmVEcml2ZUZvckJ1c2luZXNzIiwicmVmZXJyYWxBcHBQbGF0Zm9ybSI6IldlYiIsInJlZmVycmFsTW9kZSI6InZpZXciLCJyZWZlcnJhbFZpZXciOiJNeUZpbGVzTGlua0NvcHkifX0&e=U6tXLs,
,11,No Topic Entered,"Jan 30, 2025",30/01/25,R Gururaj,https://vspkms110405-my.sharepoint.com/:v:/g/personal/rohan_vspkms110405_onmicrosoft_com/EXJyR1jfuFtBk5LDzxIxjn8BeFLJVxzcfJCnQiEnCBVZAw?nav=eyJyZWZlcnJhbEluZm8iOnsicmVmZXJyYWxBcHAiOiJPbmVEcml2ZUZvckJ1c2luZXNzIiwicmVmZXJyYWxBcHBQbGF0Zm9ybSI6IldlYiIsInJlZmVycmFsTW9kZSI6InZpZXciLCJyZWZlcnJhbFZpZXciOiJNeUZpbGVzTGlua0NvcHkifX0&e=eJGykm,
,12,No Topic Entered,"Feb 4, 2025",04/02/25,R Gururaj,https://vspkms110405-my.sharepoint.com/:v:/g/personal/rohan_vspkms110405_onmicrosoft_com/Ea_uqmf-a41IrDRpZX2fz-EB3-XRWZpA0z3vYmuSJCP6qg?nav=eyJyZWZlcnJhbEluZm8iOnsicmVmZXJyYWxBcHAiOiJPbmVEcml2ZUZvckJ1c2luZXNzIiwicmVmZXJyYWxBcHBQbGF0Zm9ybSI6IldlYiIsInJlZmVycmFsTW9kZSI6InZpZXciLCJyZWZlcnJhbFZpZXciOiJNeUZpbGVzTGlua0NvcHkifX0&e=T1Dpf7,
,13,Intro To Rel Algebra,"Feb 5, 2025",05/02/25,R Gururaj,https://vspkms110405-my.sharepoint.com/:v:/g/personal/rohan_vspkms110405_onmicrosoft_com/EQrM1qe4bipNrao1T5g1lrgBzUFZhNCwZCAXuNjoz8r64Q?nav=eyJyZWZlcnJhbEluZm8iOnsicmVmZXJyYWxBcHAiOiJPbmVEcml2ZUZvckJ1c2luZXNzIiwicmVmZXJyYWxBcHBQbGF0Zm9ybSI6IldlYiIsInJlZmVycmFsTW9kZSI6InZpZXciLCJyZWZlcnJhbFZpZXciOiJNeUZpbGVzTGlua0NvcHkifX0&e=mZ9ro2,
,14,No Topic Entered,"Feb 6, 2025",06/02/25,R Gururaj,https://vspkms110405-my.sharepoint.com/:v:/g/personal/rohan_vspkms110405_onmicrosoft_com/EU8IGATDhFpKka7cvgZR-mQBovRQcg7k_XGo0yXfGKSfag?nav=eyJyZWZlcnJhbEluZm8iOnsicmVmZXJyYWxBcHAiOiJPbmVEcml2ZUZvckJ1c2luZXNzIiwicmVmZXJyYWxBcHBQbGF0Zm9ybSI6IldlYiIsInJlZmVycmFsTW9kZSI6InZpZXciLCJyZWZlcnJhbFZpZXciOiJNeUZpbGVzTGlua0NvcHkifX0&e=PIvTgc,
,15,Group By In RA,"Feb 11, 2025",11/02/25,R Gururaj,https://vspkms110405-my.sharepoint.com/:v:/g/personal/rohan_vspkms110405_onmicrosoft_com/Eazefo3_YL9DufPD7f55FO8BJXXsAq0rPUIE9pIiJWxtkg?nav=eyJyZWZlcnJhbEluZm8iOnsicmVmZXJyYWxBcHAiOiJPbmVEcml2ZUZvckJ1c2luZXNzIiwicmVmZXJyYWxBcHBQbGF0Zm9ybSI6IldlYiIsInJlZmVycmFsTW9kZSI6InZpZXciLCJyZWZlcnJhbFZpZXciOiJNeUZpbGVzTGlua0NvcHkifX0&e=KgIz6a,
,16,No Topic Entered,"Feb 12, 2025",12/02/25,R Gururaj,https://vspkms110405-my.sharepoint.com/:v:/g/personal/rohan_vspkms110405_onmicrosoft_com/ERnLl5t5ACtPizoReBs-dCIBM1WisI-5K7WZ-1JbnnH8rg?nav=eyJyZWZlcnJhbEluZm8iOnsicmVmZXJyYWxBcHAiOiJPbmVEcml2ZUZvckJ1c2luZXNzIiwicmVmZXJyYWxBcHBQbGF0Zm9ybSI6IldlYiIsInJlZmVycmFsTW9kZSI6InZpZXciLCJyZWZlcnJhbFZpZXciOiJNeUZpbGVzTGlua0NvcHkifX0&e=8BA8tY,
,17,ER Modelling,"Feb 13, 2025",13/02/25,R Gururaj,https://vspkms110405-my.sharepoint.com/:v:/g/personal/rohan_vspkms110405_onmicrosoft_com/EX_QtlTmtqVGvPT_ZVdgCosB5TVqPugEX5oiXuSOElpG0A?nav=eyJyZWZlcnJhbEluZm8iOnsicmVmZXJyYWxBcHAiOiJPbmVEcml2ZUZvckJ1c2luZXNzIiwicmVmZXJyYWxBcHBQbGF0Zm9ybSI6IldlYiIsInJlZmVycmFsTW9kZSI6InZpZXciLCJyZWZlcnJhbFZpZXciOiJNeUZpbGVzTGlua0NvcHkifX0&e=NvMA8A,
,18,No Topic Entered,"Feb 18, 2025",18/02/25,R Gururaj,https://vspkms110405-my.sharepoint.com/:v:/g/personal/rohan_vspkms110405_onmicrosoft_com/EUBeiaUyu1RPs0ePJ34e6nIBNqWg3Km3q9u4A4CCrv6d8A?nav=eyJyZWZlcnJhbEluZm8iOnsicmVmZXJyYWxBcHAiOiJPbmVEcml2ZUZvckJ1c2luZXNzIiwicmVmZXJyYWxBcHBQbGF0Zm9ybSI6IldlYiIsInJlZmVycmFsTW9kZSI6InZpZXciLCJyZWZlcnJhbFZpZXciOiJNeUZpbGVzTGlua0NvcHkifX0&e=AD6RvU,
,19,No Topic Entered,"Feb 19, 2025",19/02/25,R Gururaj,https://vspkms110405-my.sharepoint.com/:v:/g/personal/rohan_vspkms110405_onmicrosoft_com/Edc_f6Mf9jRAuE-MUYH-ZBoBciCK83iETouFHfzphmBD2w?nav=eyJyZWZlcnJhbEluZm8iOnsicmVmZXJyYWxBcHAiOiJPbmVEcml2ZUZvckJ1c2luZXNzIiwicmVmZXJyYWxBcHBQbGF0Zm9ybSI6IldlYiIsInJlZmVycmFsTW9kZSI6InZpZXciLCJyZWZlcnJhbFZpZXciOiJNeUZpbGVzTGlua0NvcHkifX0&e=uijg4r,
,20,No Topic Entered,"Feb 20, 2025",20/02/25,R Gururaj,https://vspkms110405-my.sharepoint.com/:v:/g/personal/rohan_vspkms110405_onmicrosoft_com/EXe2Li4CJ1xKpVEZBIlsTUsBzFNEsP2tCyiTp32IEVm38w?nav=eyJyZWZlcnJhbEluZm8iOnsicmVmZXJyYWxBcHAiOiJPbmVEcml2ZUZvckJ1c2luZXNzIiwicmVmZXJyYWxBcHBQbGF0Zm9ybSI6IldlYiIsInJlZmVycmFsTW9kZSI6InZpZXciLCJyZWZlcnJhbFZpZXciOiJNeUZpbGVzTGlua0NvcHkifX0&e=JAyBYH,
,21,No Topic Entered,"Feb 25, 2025",25/02/25,R Gururaj,https://vspkms110405-my.sharepoint.com/:v:/g/personal/rohan_vspkms110405_onmicrosoft_com/EbsGDF9LOYdLmSXoXE_nPykBbLplleRAPFc0QZ3f5rSIyQ?nav=eyJyZWZlcnJhbEluZm8iOnsicmVmZXJyYWxBcHAiOiJPbmVEcml2ZUZvckJ1c2luZXNzIiwicmVmZXJyYWxBcHBQbGF0Zm9ybSI6IldlYiIsInJlZmVycmFsTW9kZSI6InZpZXciLCJyZWZlcnJhbFZpZXciOiJNeUZpbGVzTGlua0NvcHkifX0&e=wa9zKz,
,22,No Topic Entered,"Feb 27, 2025",27/02/25,R Gururaj,https://vspkms110405-my.sharepoint.com/:v:/g/personal/rohan_vspkms110405_onmicrosoft_com/EfM9XfAOxsxCkYTKHe0I-QQBzdvQkeSe9d6F4xfyKF-2Ag?nav=eyJyZWZlcnJhbEluZm8iOnsicmVmZXJyYWxBcHAiOiJPbmVEcml2ZUZvckJ1c2luZXNzIiwicmVmZXJyYWxBcHBQbGF0Zm9ybSI6IldlYiIsInJlZmVycmFsTW9kZSI6InZpZXciLCJyZWZlcnJhbFZpZXciOiJNeUZpbGVzTGlua0NvcHkifX0&e=FPg9Iq,
,23,No Topic Entered,"Mar 11, 2025",11/03/25,R Gururaj,https://vspkms110405-my.sharepoint.com/:v:/g/personal/rohan_vspkms110405_onmicrosoft_com/ETwp98nrsrlFlqoYHDFDoSQBNAZS4j_YSt40tr6wzj9GuA?nav=eyJyZWZlcnJhbEluZm8iOnsicmVmZXJyYWxBcHAiOiJPbmVEcml2ZUZvckJ1c2luZXNzIiwicmVmZXJyYWxBcHBQbGF0Zm9ybSI6IldlYiIsInJlZmVycmFsTW9kZSI6InZpZXciLCJyZWZlcnJhbFZpZXciOiJNeUZpbGVzTGlua0NvcHkifX0&e=cQtEDK,
,24,No Topic Entered,"Mar 12, 2025",12/03/25,R Gururaj,https://vspkms110405-my.sharepoint.com/:v:/g/personal/rohan_vspkms110405_onmicrosoft_com/EZgJn_8rUWlOiV8U7QTRhugBnFC0_8Sjc3whHyUwAYF5DA?nav=eyJyZWZlcnJhbEluZm8iOnsicmVmZXJyYWxBcHAiOiJPbmVEcml2ZUZvckJ1c2luZXNzIiwicmVmZXJyYWxBcHBQbGF0Zm9ybSI6IldlYiIsInJlZmVycmFsTW9kZSI6InZpZXciLCJyZWZlcnJhbFZpZXciOiJNeUZpbGVzTGlua0NvcHkifX0&e=dxWlfs,
,25,No Topic Entered,"Mar 13, 2025",13/03/25,R Gururaj,https://vspkms110405-my.sharepoint.com/:v:/g/personal/rohan_vspkms110405_onmicrosoft_com/EfifizdScDJGn6D8ekpmBDsBj-o6rsK0PuKuFoLtUE9Aww?nav=eyJyZWZlcnJhbEluZm8iOnsicmVmZXJyYWxBcHAiOiJPbmVEcml2ZUZvckJ1c2luZXNzIiwicmVmZXJyYWxBcHBQbGF0Zm9ybSI6IldlYiIsInJlZmVycmFsTW9kZSI6InZpZXciLCJyZWZlcnJhbFZpZXciOiJNeUZpbGVzTGlua0NvcHkifX0&e=9W5t9D,
CS F364,1,Handout & Karatsuba,"Jan 8, 2025",08/01/25,Apurba Das,https://vspkms110405-my.sharepoint.com/:v:/g/personal/rohan_vspkms110405_onmicrosoft_com/EcWHX4McLZZMgifaLg5rYS8Bn1zo6KByeAFZypiD95LXfg,
,2,Asymptotic Analysis,"Jan 10, 2025",10/01/25,Apurba Das,https://vspkms110405-my.sharepoint.com/:v:/g/personal/rohan_vspkms110405_onmicrosoft_com/ERpiRvX_rMZIrDd76Z79kpkBrjtXn9_ZFVRkpfG0W6ExVQ,
,3,Divide And Conquer & Merge Sort,"Jan 13, 2025",13/01/25,Apurba Das,https://vspkms110405-my.sharepoint.com/:v:/g/personal/rohan_vspkms110405_onmicrosoft_com/EVONGCQeSjNHtKlPSiVt8akBkeU6ZynELcejy3mkt7HVKg,
,4,Recurrence Relations,"Jan 15, 2025",15/01/25,Apurba Das,https://vspkms110405-my.sharepoint.com/:v:/g/personal/rohan_vspkms110405_onmicrosoft_com/EcGxwWuGOQtNg3glI0fAV-0BgyBJGiR1zxgJuNqDh1_gVA,
,5,Recursion Tree,"Jan 17, 2025",17/01/25,Apurba Das,https://vspkms110405-my.sharepoint.com/:v:/g/personal/rohan_vspkms110405_onmicrosoft_com/EYYPmh9QseBGu845or0ocFAB5UrKHKSsRr8E_yBrI5Gkbw,
,6,Maximum Subarray Problem,"Jan 20, 2025",20/01/25,Apurba Das,https://vspkms110405-my.sharepoint.com/:v:/g/personal/rohan_vspkms110405_onmicrosoft_com/EccabFq7c0FIn5I1YzahOKkBtCETqiRArM7gfLsYMTfIUg,
,7,Closest Pair Of Points,"Jan 22, 2025",22/01/25,Apurba Das,https://vspkms110405-my.sharepoint.com/:v:/g/personal/rohan_vspkms110405_onmicrosoft_com/Ed2WmqXHkppLjp7JY71XCaMBoiGBWWgIPnSuExgYzbohpw,
,8,Lower Bound Of Sorting & Quicksort,"Jan 24, 2025",24/01/25,Apurba Das,https://vspkms110405-my.sharepoint.com/:v:/g/personal/rohan_vspkms110405_onmicrosoft_com/Ee3uvu0nZrFBiYvyIj3RR5oBVihZGX9-3W6GOzhfwD1juA,
,9,Randomized Quicksort (To See),"Jan 27, 2025",27/01/25,Apurba Das,https://vspkms110405-my.sharepoint.com/:v:/g/personal/rohan_vspkms110405_onmicrosoft_com/ERQsrT3qSK1Lmc3_FvUEFo4B2FiLieB3ND_i2R5pI1DhKg,
,10,Randomized Select,"Jan 29, 2025",29/01/25,Apurba Das,https://vspkms110405-my.sharepoint.com/:v:/g/personal/rohan_vspkms110405_onmicrosoft_com/Eb9xBkFfBCdLkXzHxXGRMswBLh1H88pZdmEj56dRxL3LHg,
,11,Median Of Medians & Fibo & Lcs,"Jan 31, 2025",31/01/25,Apurba Das,https://vspkms110405-my.sharepoint.com/:v:/g/personal/rohan_vspkms110405_onmicrosoft_com/ETduATJthnROrK58C2g_BWYBi7WV45NMYr2trKYSqX-U1Q,
,12,Undefined,"Feb 3, 2025",03/02/25,Apurba Das,https://vspkms110405-my.sharepoint.com/:v:/g/personal/rohan_vspkms110405_onmicrosoft_com/EfWBl2YxX-dKu_ANkDD587EBDJfSZEOIYqROId-ewoItew,
,13,Matrix Chain Multiplication,"Feb 5, 2025",05/02/25,Apurba Das,https://vspkms110405-my.sharepoint.com/:v:/g/personal/rohan_vspkms110405_onmicrosoft_com/EXrky6VRqExBjXqsn_tTnE4B5aVIhMLfkOpptkDXgcsyGQ,
,14,RNA Substructure Prediction,"Feb 7, 2025",07/02/25,Apurba Das,https://vspkms110405-my.sharepoint.com/:v:/g/personal/rohan_vspkms110405_onmicrosoft_com/EYArrCBW1TVBhzRXVJheGzcBbr23VoDdvXzawCsrE0Co4Q,
,15,Greedy Activity Selection,"Feb 10, 2025",10/02/25,Apurba Das,https://vspkms110405-my.sharepoint.com/:v:/g/personal/rohan_vspkms110405_onmicrosoft_com/EfkkMRqXMEpIoDncad4TRyEB82PccK26-fY4IYlxWOg4TA,
,16,Huffman Coding,"Feb 12, 2025",12/02/25,Apurba Das,https://vspkms110405-my.sharepoint.com/:v:/g/personal/rohan_vspkms110405_onmicrosoft_com/Ec9zG6BdPWxCilE3DbsHbFgBbygBB5bnRtoqjCHxyAGxMA,
,17,Matroid Theory,"Feb 14, 2025",14/02/25,Apurba Das,https://vspkms110405-my.sharepoint.com/:v:/g/personal/rohan_vspkms110405_onmicrosoft_com/EU1ln_p0dSFHkaq5f_JLUb0BZWAeraM1UMk9FMULYA07pw,
,18,Greedy-Matroid Equivalence,"Feb 17, 2025",17/02/25,Apurba Das,https://vspkms110405-my.sharepoint.com/:v:/g/personal/rohan_vspkms110405_onmicrosoft_com/Edi3neo0gkVIjsVrk7rS7bsB_kgh2EKR65rQDCU-25Hj_w,
,19,No Topic Entered,"Feb 19, 2025",19/02/25,Apurba Das,https://vspkms110405-my.sharepoint.com/:v:/g/personal/rohan_vspkms110405_onmicrosoft_com/EfkLl3aJkaZEtwS82bB4uvwB2dUglb_ZJkOkqoZAl14b8w,
,20,No Lecture,"Feb 21, 2025",21/02/25,Apurba Das,https://vspkms110405-my.sharepoint.com/:v:/g/personal/rohan_vspkms110405_onmicrosoft_com/EfU-QDACD79JlFs5kdtbNmkBrIyqkM_uOA2G3MMvNCRypw,
,21,,"Feb 24, 2025",24/02/25,Apurba Das,,
,22,,"Feb 28, 2025",28/02/25,Apurba Das,,
,23,,"Mar 10, 2025",10/03/25,Apurba Das,,
,24,,"Mar 12, 2025",12/03/25,Apurba Das,,
,25,,"Mar 17, 2025",17/03/25,Apurba Das,,
ECE F343,1,No Topic Entered,"Jan 8, 2025",08/01/25,Pranay Agarwal,https://vspkms110405-my.sharepoint.com/:v:/g/personal/rohan_vspkms110405_onmicrosoft_com/ESVDXCPSt8ZPkhuLMbgsG-ABl09E-LGYJemtyjb6ZCqWOw,
,2,No Topic Entered,"Jan 10, 2025",10/01/25,Pranay Agarwal,https://vspkms110405-my.sharepoint.com/:v:/g/personal/rohan_vspkms110405_onmicrosoft_com/EfMKFVEuh0BAjLaIQDedsRQBHWMKthYfCIPcD-HMQip63A,
,3,No Topic Entered,"Jan 13, 2025",13/01/25,Pranay Agarwal,https://vspkms110405-my.sharepoint.com/:v:/g/personal/rohan_vspkms110405_onmicrosoft_com/Ed13MXyqpMxGm3pPD9QIilsBv41tkHTizQBL385-B_0I3g,
,4,No Topic Entered,"Jan 15, 2025",15/01/25,Pranay Agarwal,https://vspkms110405-my.sharepoint.com/:v:/g/personal/rohan_vspkms110405_onmicrosoft_com/EdiFfiQ_qrlCt8XdArdnuN0BEG0roD3kkV8BKqaCDJvLcg,
,5,No Topic Entered,"Jan 17, 2025",17/01/25,Pranay Agarwal,https://vspkms110405-my.sharepoint.com/:v:/g/personal/rohan_vspkms110405_onmicrosoft_com/ET6obTtpfxlNrkGr95GrI5wB8KIlfHmzEwQBzozIw68wiQ,
,6,No Topic Entered,"Jan 20, 2025",20/01/25,Pranay Agarwal,https://vspkms110405-my.sharepoint.com/:v:/g/personal/rohan_vspkms110405_onmicrosoft_com/EbCXhso4KD5DhJUBYxakG80BYPKte5ObVHDiFtQn5kRoDQ,
,7,Application Layer,"Jan 22, 2025",22/01/25,Pranay Agarwal,https://vspkms110405-my.sharepoint.com/:v:/g/personal/rohan_vspkms110405_onmicrosoft_com/EVAjKCCFWElCmppkz-ng3eMBGp7oC_m_ovNp2sZxl4Bp1w,
,8,No Topic Entered,"Jan 24, 2025",24/01/25,Pranay Agarwal,https://vspkms110405-my.sharepoint.com/:v:/g/personal/rohan_vspkms110405_onmicrosoft_com/ES66JqKrClBKhPV-8FEFaLsB4l1Qfex-u8_aQfsASF23eQ,
,9,HTTP_ Cookies,"Jan 27, 2025",27/01/25,Pranay Agarwal,https://vspkms110405-my.sharepoint.com/:v:/g/personal/rohan_vspkms110405_onmicrosoft_com/ETLTxncGIpFJpms5NJ1t0TIBgW71VUAjtFpFTbcG3pjDMQ,
,10,DNS Servers,"Jan 29, 2025",29/01/25,Pranay Agarwal,https://vspkms110405-my.sharepoint.com/:v:/g/personal/rohan_vspkms110405_onmicrosoft_com/ETxOhFI3SR9En4aUr2jnbFkBsO4m4SyjWfD-SSpvB5iJ9w,
,11,No Topic Entered,"Jan 31, 2025",31/01/25,Pranay Agarwal,https://vspkms110405-my.sharepoint.com/:v:/g/personal/rohan_vspkms110405_onmicrosoft_com/Efck4RsJ7OVOt3E6RGFuylkBeqzAD-mfYTAeuJhE8OGe_w,
,12,No Topic Entered,"Feb 3, 2025",03/02/25,Pranay Agarwal,https://vspkms110405-my.sharepoint.com/:v:/g/personal/rohan_vspkms110405_onmicrosoft_com/EVNqQ2cZidJOtZZ6Cn1a17EB5Y8iUe5NkiW5jfrEmhjnsg,
,13,No Topic Entered,"Feb 5, 2025",05/02/25,Pranay Agarwal,https://vspkms110405-my.sharepoint.com/:v:/g/personal/rohan_vspkms110405_onmicrosoft_com/ET43ZI0j6oxCphB5hpn30kkBvwSV9OQ8C-yuXVyp_l2yTw,
,14,No Topic Entered,"Feb 7, 2025",07/02/25,Pranay Agarwal,https://vspkms110405-my.sharepoint.com/:v:/g/personal/rohan_vspkms110405_onmicrosoft_com/EYpwBfL2_q5Ggpvg1khUCIUBKQmKKEQpQN4jetMW4Rwb3w,
,15,No Topic Entered,"Feb 10, 2025",10/02/25,Pranay Agarwal,https://vspkms110405-my.sharepoint.com/:v:/g/personal/rohan_vspkms110405_onmicrosoft_com/Efo2LOiH9klKqw5OTx0isxUB5jwCJ1Io77osbx8BkJ8YRA,
,16,No Topic Entered,"Feb 12, 2025",12/02/25,Pranay Agarwal,https://vspkms110405-my.sharepoint.com/:v:/g/personal/rohan_vspkms110405_onmicrosoft_com/EdvSAnCI0gJCj9pGTdGPG_cBjik60AGscErh_mAtNq3AOQ,
,17,No Topic Entered,"Feb 14, 2025",14/02/25,Pranay Agarwal,https://vspkms110405-my.sharepoint.com/:v:/g/personal/rohan_vspkms110405_onmicrosoft_com/EfhV0D-weDRIlQ3oNRKnFFwBRLZEaI7aIvVqD0FUahRQwQ,
,18,No Topic Entered,"Feb 17, 2025",17/02/25,Pranay Agarwal,https://vspkms110405-my.sharepoint.com/:v:/g/personal/rohan_vspkms110405_onmicrosoft_com/EeDe8rHV-_9DklJah3sHkUsB99NTmSkhaiBGKYFxYqQh-w,
,19,No Topic Entered,"Feb 19, 2025",19/02/25,Pranay Agarwal,https://vspkms110405-my.sharepoint.com/:v:/g/personal/rohan_vspkms110405_onmicrosoft_com/EaP6XaUgpQdKkYst47xOtL4BNlDCmUOA3BhYTDkHDHCNKg,
,20,No Topic Entered,"Feb 21, 2025",21/02/25,Pranay Agarwal,https://vspkms110405-my.sharepoint.com/:v:/g/personal/rohan_vspkms110405_onmicrosoft_com/EV3dg-1fn0hKrjAbDmcqsdwB-0FImrjazX2G4--b_oB0NA,
,21,,"Feb 24, 2025",24/02/25,Pranay Agarwal,,
,22,,"Feb 28, 2025",28/02/25,Pranay Agarwal,,
,23,,"Mar 10, 2025",10/03/25,Pranay Agarwal,,
,24,,"Mar 12, 2025",12/03/25,Pranay Agarwal,,
,25,,"Mar 12, 2025",12/03/25,Pranay Agarwal,,
EEE F341,1,Course Introduction,"Jan 8, 2025",08/01/25,Nawaz Masum,https://vspkms110405-my.sharepoint.com/:v:/g/personal/rohan_vspkms110405_onmicrosoft_com/ETESPxXAvvlIoIUKaJSBUF4B_IVi5EBIj7-2S9xXaByG6A,
,2,Basics Of IC,"Jan 10, 2025",10/01/25,Nawaz Masum,https://vspkms110405-my.sharepoint.com/:v:/g/personal/rohan_vspkms110405_onmicrosoft_com/EeIPmy9L0OVAvHhVxpmeAY4BTPduW8euepyDWNWoOKV8Dg,
,3,Internal Structure Of Opamp,"Jan 13, 2025",13/01/25,Nawaz Masum,https://vspkms110405-my.sharepoint.com/:v:/g/personal/rohan_vspkms110405_onmicrosoft_com/EUmMtlfsfuVGj8cq3I9Qow4BAN1-MthOh_TbuBPnEcUQXw,
,4,Ideal Opamp,"Jan 15, 2025",15/01/25,Nawaz Masum,https://vspkms110405-my.sharepoint.com/:v:/g/personal/rohan_vspkms110405_onmicrosoft_com/EWvj2noFl7lOtP4WWtoBd4kBcph_lVG2j76AAqgV424xXg,
,5,Open Loop And Closed Loop Operation Of Opamp,"Jan 17, 2025",17/01/25,Nawaz Masum,https://vspkms110405-my.sharepoint.com/:v:/g/personal/rohan_vspkms110405_onmicrosoft_com/EZ2aTDrxMQdMh3Rz3q90kG8BCWyqThCpXxsNjMisvTovbA,
,6,"Basci Opamp Applications_ Inverting, Noninvertinhg And Summing Amplifier","Jan 20, 2025",20/01/25,Nawaz Masum,https://vspkms110405-my.sharepoint.com/:v:/g/personal/rohan_vspkms110405_onmicrosoft_com/ET77H_xatOtNhZ1x-P6A3vsBeZ60JVHX_P5pFlzaXoZnUg,
,7,Summing Amplifier And Difference Amplifier,"Jan 22, 2025",22/01/25,Nawaz Masum,https://vspkms110405-my.sharepoint.com/:v:/g/personal/rohan_vspkms110405_onmicrosoft_com/EZ2PXddaLTZJjC6w495o0RIBP_7tm8hwJ6mV9NF1u4Cnhg,
,8,Transducer Bridge Amplifier And Integrtor,"Jan 24, 2025",24/01/25,Nawaz Masum,https://vspkms110405-my.sharepoint.com/:v:/g/personal/rohan_vspkms110405_onmicrosoft_com/EUdrgPL4LXZJjbrmBdFxJFQB8MSnq2kV4t2VaOcvVkLRHw,
,9,Lect 9 And 10 Integrator And Differentiator,"Jan 25, 2025",25/01/25,Nawaz Masum,https://vspkms110405-my.sharepoint.com/:v:/g/personal/rohan_vspkms110405_onmicrosoft_com/EUKB-OqGzV9Ep_5CWmod23wB3ZjXFuIQMgIb5KOkwUdTXA,
,10,Lecture 11 Static Opamp Limitationsdc Errors,"Jan 27, 2025",27/01/25,Nawaz Masum,https://vspkms110405-my.sharepoint.com/:v:/g/personal/rohan_vspkms110405_onmicrosoft_com/EQrOuDf8r2hHlJlYRjeTkt4BHMKTWrbeyxQkMs4bFvZnPg,
,11,No Class,"Jan 29, 2025",29/01/25,Nawaz Masum,https://vspkms110405-my.sharepoint.com/:v:/g/personal/rohan_vspkms110405_onmicrosoft_com/EUpebguiJvxKj39cgMV4TsQBeW6YhjcGBEnXOCMlaKCdTQ,
,12,No Class,"Jan 31, 2025",31/01/25,Nawaz Masum,https://vspkms110405-my.sharepoint.com/:v:/g/personal/rohan_vspkms110405_onmicrosoft_com/EW-QUxMAxmFBsOE0peJPBogBkx37td2TMrVGp9Yapvj-Uw,
,13,Lect 12 Effect Of Input Offset Voltage And,"Feb 3, 2025",03/02/25,Nawaz Masum,https://vspkms110405-my.sharepoint.com/:v:/g/personal/rohan_vspkms110405_onmicrosoft_com/Ee6WzfTddNRKtMEmPddRuRkBQsm9YBldKeL8MZsFNjtWYQ,
,14,Lect 13 Slew Rate Of Opamp,"Feb 5, 2025",05/02/25,Nawaz Masum,https://vspkms110405-my.sharepoint.com/:v:/g/personal/rohan_vspkms110405_onmicrosoft_com/ERUpajY8d1ZAm-n2YehKYfABqN-2Nu635EF2k01-RM_5UQ,
,15,Lect 14 Frequency Response And Frequency Compensation Of Opamp,"Feb 5, 2025",05/02/25,Nawaz Masum,https://vspkms110405-my.sharepoint.com/:v:/g/personal/rohan_vspkms110405_onmicrosoft_com/EQrqQzx7pMRJvYvJGfznxXYB8WSj2bDNA_0rn_RWFvC2_A,
,16,No Class,"Feb 7, 2025",07/02/25,Nawaz Masum,https://vspkms110405-my.sharepoint.com/:v:/g/personal/rohan_vspkms110405_onmicrosoft_com/EWEz7uJu-RNAgC1uI24OLagBPmpXlfarcVVeD7cU54i2rA,
,17,No Class,"Feb 10, 2025",10/02/25,Nawaz Masum,https://vspkms110405-my.sharepoint.com/:v:/g/personal/rohan_vspkms110405_onmicrosoft_com/EfaRhUzFOfhLj42bgoidCf4B3uPfqmxr-XktdQVw3PJ-Ww,
,18,No Class,"Feb 12, 2025",12/02/25,Nawaz Masum,https://vspkms110405-my.sharepoint.com/:v:/g/personal/rohan_vspkms110405_onmicrosoft_com/EbJCYHuzsxtJu6ESsEeE1QUBzK8cJX48X6QB_wn5VG0tQQ,
,19,Feedback Amplifiers,"Feb 14, 2025",14/02/25,Nawaz Masum,https://vspkms110405-my.sharepoint.com/:v:/g/personal/rohan_vspkms110405_onmicrosoft_com/EZgQ7f00tQRAuA1tznOXRV0BFNb29OXUIFuNevzj3jKMlg,
,20,Instrumentation Amplifier,"Feb 17, 2025",17/02/25,Nawaz Masum,https://vspkms110405-my.sharepoint.com/:v:/g/personal/rohan_vspkms110405_onmicrosoft_com/ESyMBZ95XwNPsO8jIJMO-G0BHmFQ8kwROE5Qzqwl8Vjkeg,
,21,,"Feb 18, 2025",18/02/25,Nawaz Masum,,
,22,,"Feb 19, 2025",19/02/25,Nawaz Masum,,
,23,,"Feb 21, 2025",21/02/25,Nawaz Masum,,
,24,,"Feb 24, 2025",24/02/25,Nawaz Masum,,
,25,,"Feb 28, 2025",28/02/25,Nawaz Masum,,
,26,,"Mar 10, 2025",10/03/25,Nawaz Masum,,
,27,,"Mar 11, 2025",11/03/25,Nawaz Masum,,
,28,,"Mar 12, 2025",12/03/25,Nawaz Masum,,
,29,,"Mar 17, 2025",17/03/25,Nawaz Masum,,
ECE F344,1,No Audio,,,Prashant Wali,https://vspkms110405-my.sharepoint.com/:v:/g/personal/rohan_vspkms110405_onmicrosoft_com/EbWTAFV2VxNOq7IfOyUbFysB3npJRCZiOOh2rn1KxqQuRw,
,2,No Audio,,,Prashant Wali,https://vspkms110405-my.sharepoint.com/:v:/g/personal/rohan_vspkms110405_onmicrosoft_com/EXOJAMfOoyFBoWFwatlS3FcBm8Uz5uSWuabiBc67R8nzew,
,3,No Audio,,,Prashant Wali,https://vspkms110405-my.sharepoint.com/:v:/g/personal/rohan_vspkms110405_onmicrosoft_com/Ec6FXQU0771JjanAv9uoPiwB1k1tRu_wl1VLlhJvEUucRw,
,4,No Audio,,,Prashant Wali,https://vspkms110405-my.sharepoint.com/:v:/g/personal/rohan_vspkms110405_onmicrosoft_com/Eb8VYD_hHPdFv4rP_ZqKUtQBtnySxca1KcnJdaSwh1INMQ,
,5,No Audio,,,Prashant Wali,https://vspkms110405-my.sharepoint.com/:v:/g/personal/rohan_vspkms110405_onmicrosoft_com/EYePrYweetdCh57ut4ZyYhUBZbYvoOcl794fc2bxMckUKw,
,6,No Audio,,,Prashant Wali,https://vspkms110405-my.sharepoint.com/:v:/g/personal/rohan_vspkms110405_onmicrosoft_com/EQiWKvlOuuNJsgBYbF5hXfABD0qfzMj8BrZkW9a5MMj16g,
,7,No Audio,,,Prashant Wali,https://vspkms110405-my.sharepoint.com/:v:/g/personal/rohan_vspkms110405_onmicrosoft_com/ETObjwMEz8NJq99lAN6u1XEBFJXBOJo4cst6drhr9ZIa7w,
,8,No Audio,,,Prashant Wali,https://vspkms110405-my.sharepoint.com/:v:/g/personal/rohan_vspkms110405_onmicrosoft_com/Eb_z0G1e73pAq8hMQhlaeHABpI1wvBs67FRCWHUwlWIsUw,
,9,No Audio,,,Prashant Wali,https://vspkms110405-my.sharepoint.com/:v:/g/personal/rohan_vspkms110405_onmicrosoft_com/EQJnmvp3qP9HuRH9CeKzrB8BXZQL2E0ayEMMr-5EOsSxcQ,
,10,No Topic Entered,,,Prashant Wali,https://vspkms110405-my.sharepoint.com/:v:/g/personal/rohan_vspkms110405_onmicrosoft_com/ETcMmw0RJAhJoyO1wIj2vEoBSveh01tvltsbN9lYabub0w,
,11,No Topic Entered,,,Prashant Wali,https://vspkms110405-my.sharepoint.com/:v:/g/personal/rohan_vspkms110405_onmicrosoft_com/Ee5wjCzKhstLoapXU2VaFgEBKxxAkqyoJ7ZY_AMuLARRKw,
,12,No Topic Entered,,,Prashant Wali,https://vspkms110405-my.sharepoint.com/:v:/g/personal/rohan_vspkms110405_onmicrosoft_com/EbgRP_N-481JnFFEeRsEe-ABvRLXgGC6wEFYpACs1ejIBA,
,13,No Topic Entered,,,Prashant Wali,https://vspkms110405-my.sharepoint.com/:v:/g/personal/rohan_vspkms110405_onmicrosoft_com/EUH34iA9bLtFuOlYJ76nz7UBrxrgiGpI3RBeBNur_dr4Fg,
,14,No Topic Entered,,,Prashant Wali,https://vspkms110405-my.sharepoint.com/:v:/g/personal/rohan_vspkms110405_onmicrosoft_com/ERsBPsoj1ZdIkCR-8yeId3cB__3j9s9YcMwSXeYs_g56oA,
,15,No Topic Entered,,,Prashant Wali,https://vspkms110405-my.sharepoint.com/:v:/g/personal/rohan_vspkms110405_onmicrosoft_com/EWfT_jYfTZZMrbNpuUyR7AsB5dnfN53h_RzJEGEHV55RXw,
,16,No Topic Entered,,,Prashant Wali,https://vspkms110405-my.sharepoint.com/:v:/g/personal/rohan_vspkms110405_onmicrosoft_com/Ebn2LkgyRblAiXrsLdfDM7IBoLQjG5B6aB0CRucrGT4ysQ,
,17,No Topic Entered,,,Prashant Wali,https://vspkms110405-my.sharepoint.com/:v:/g/personal/rohan_vspkms110405_onmicrosoft_com/EZLASrBPaDRPsIwllbmIKhIBoLENKWm19xzelpQCsRpyPQ,
,18,No Topic Entered,,,Prashant Wali,https://vspkms110405-my.sharepoint.com/:v:/g/personal/rohan_vspkms110405_onmicrosoft_com/EbbfG3R1ldpFn3k8lKTxz_oBSteFiE5GEG26qNu7VmEn-g,
,19,No Topic Entered,,,Prashant Wali,https://vspkms110405-my.sharepoint.com/:v:/g/personal/rohan_vspkms110405_onmicrosoft_com/EcPsy2Gu1OZJuIaf9FpeixcBnYQlPIck8xXVKQR5hJAIxQ,
,20,No Topic Entered,,,Prashant Wali,https://vspkms110405-my.sharepoint.com/:v:/g/personal/rohan_vspkms110405_onmicrosoft_com/EV1ZW7Sxlx9AloFQmwfexm0BF1_J6cxfP9EQcIv2MvpXSQ,
,21,,,,Prashant Wali,,
,22,,,,Prashant Wali,,
,23,,,,Prashant Wali,,
,24,,,,Prashant Wali,,
,25,,,,Prashant Wali,,
EEE F244,1,Amplifier Introduction,"Jan 08, 2025",08/01/25,Mr. Ershad Ahmed S,https://vspkms110405-my.sharepoint.com/:v:/g/personal/rohan_vspkms110405_onmicrosoft_com/EZhwl9YdsYBLn4yagdj1xOIBVtegUgD6t7jaBsBSynyFlQ?e=llD8hx,
,2,Types of Amplifiers,"Jan 09, 2025",09/01/25,Mr. Ershad Ahmed S,https://vspkms110405-my.sharepoint.com/:v:/g/personal/rohan_vspkms110405_onmicrosoft_com/Ec1FbRtFcRpJsKPWLMB3wC8BuKn_g2zQuE3iBXXviSfqJw?e=upxzJK,
,3,Cascaded Amplifiers and Feedback,"Jan 15, 2025",15/01/25,Mr. Ershad Ahmed S,https://vspkms110405-my.sharepoint.com/:v:/g/personal/rohan_vspkms110405_onmicrosoft_com/ESRib5NWRuVLsrSGO9joG1EBDfETsggvr7LP9ceoLsbL8w?e=WjQMd7,
,4,STC Networks,"Jan 16, 2025",16/01/25,Mr. Ershad Ahmed S,https://vspkms110405-my.sharepoint.com/:v:/g/personal/rohan_vspkms110405_onmicrosoft_com/EWG1Rw0Kx_hLnxxc-dschNEB-qvRigTinD9m0PYHnO56EA?e=nzeP63,
,5,STC Networks Continued,"Jan 21, 2025",21/01/25,Mr. Ershad Ahmed S,https://vspkms110405-my.sharepoint.com/:v:/g/personal/rohan_vspkms110405_onmicrosoft_com/ERNY1WafuPRJvCTLIo2F41MBxraWHF2GFOLNHJozj2xCkw?e=qojm5E,
,6,MOSFETs,"Jan 22, 2025",22/01/25,Mr. Ershad Ahmed S,https://vspkms110405-my.sharepoint.com/:v:/g/personal/rohan_vspkms110405_onmicrosoft_com/EUcKq8JfYpJIjn0MFmrXSZ0ByUnyHbq0eYIrKAxwxgh8pg?e=EIwFy7,
,7,MOSFET (Current and Voltage),"Jan 23, 2025",23/01/25,Mr. Ershad Ahmed S,https://vspkms110405-my.sharepoint.com/:v:/g/personal/rohan_vspkms110405_onmicrosoft_com/ESCAEgihluhEj2GdtJnmSqAB-poNdNKSzVx167uQKSEpYw?e=aRgLMK,
,8,MOSFET Characteristics,"Jan 28, 2025",28/01/25,Mr. Ershad Ahmed S,https://vspkms110405-my.sharepoint.com/:v:/g/personal/rohan_vspkms110405_onmicrosoft_com/EXDrxd_nyHJJlpU_-yKgbNEBLr5TCOmq8_qklAN1NZxkpA?e=H0v2ef,
,9,"CLM, Contd. & PMOS","Jan 29, 2025",29/01/25,Mr. Ershad Ahmed S,https://vspkms110405-my.sharepoint.com/:v:/g/personal/rohan_vspkms110405_onmicrosoft_com/EeRPRa0rsR9AjTiMFdWr1dEBLQtOAW2xv7tL-j6KkAtpwQ?e=TMwchX,
,10,Numerical & Body Effect,"Jan 30, 2025",30/01/25,Mr. Ershad Ahmed S,https://vspkms110405-my.sharepoint.com/:v:/g/personal/rohan_vspkms110405_onmicrosoft_com/ETTs6zTSgT1AiHEGsTqsAYUBKVVkljN6aPu64WfIuxFjDg?e=TabXaN,
,11,"CS Amplifier, TF Characteristics","Feb 04, 2025",04/02/25,Mr. Ershad Ahmed S,https://vspkms110405-my.sharepoint.com/:v:/g/personal/rohan_vspkms110405_onmicrosoft_com/EZXTXQaxOLNNj-DivmDDSLQBUXhb9kn_-gN7jWAV2IkdgQ?e=Nupia9,
,12,Biasing Schemes,"Feb 05, 2025",05/02/25,Mr. Ershad Ahmed S,https://vspkms110405-my.sharepoint.com/:v:/g/personal/rohan_vspkms110405_onmicrosoft_com/EZhdm1pkeklAh7yo6Hps82kB1OHZ2G5Az-VSWVW0YwpI_A?e=EFgEhC,
,13,Biasing Schemes Current,"Feb 06, 2025",06/02/25,Mr. Ershad Ahmed S,https://vspkms110405-my.sharepoint.com/:v:/g/personal/rohan_vspkms110405_onmicrosoft_com/EUXpU5EfY8xMlYfQZmvgoIMB9TflKP3p0SG0BM7iziVtvg?e=FG4Ifa,
,14,Small Signal Analysis,"Feb 11, 2025",11/02/25,Mr. Ershad Ahmed S,https://vspkms110405-my.sharepoint.com/:v:/g/personal/rohan_vspkms110405_onmicrosoft_com/EeLRoVuJFdlAsx8N2A_0uTYB5-nRkVFFam_7SwX3X37KoA?e=UOR4WS,
,15,Small Signal Analysis,"Feb 12, 2025",12/02/25,Mr. Ershad Ahmed S,https://vspkms110405-my.sharepoint.com/:v:/g/personal/rohan_vspkms110405_onmicrosoft_com/EXBtVKmWTcBAsi7tDwg1DbMBYcLm7h7eCaVxfK28_qN_kA?e=gYTSLd,
,16,CS Amplifier,"Feb 13, 2025",13/02/25,Mr. Ershad Ahmed S,https://vspkms110405-my.sharepoint.com/:v:/g/personal/rohan_vspkms110405_onmicrosoft_com/EfNmn4-2klpAkpWPEpg1jj4BJMJdeXU2_VbD6wWl4VOt8A?e=O1ymze,
,17,CS Amplifier,"Feb 18, 2025",18/02/25,Mr. Ershad Ahmed S,https://vspkms110405-my.sharepoint.com/:v:/g/personal/rohan_vspkms110405_onmicrosoft_com/EUqonGYmn1dDiZ_j9jpIUTABN9O-H257pNTiMlBEIJ7Jaw?e=d6SF15,
,18,"CG Amplifier, Capacitance","Feb 19, 2025",19/02/25,Mr. Ershad Ahmed S,https://vspkms110405-my.sharepoint.com/:v:/g/personal/rohan_vspkms110405_onmicrosoft_com/EdvVMfXVC_pJoiW8v5s0GLgBJOvNoIZJxWIvFEv3ighbWQ?e=Biby3h,
,19,Capacitances (Lecture is Full),"Feb 20, 2025",20/02/25,Mr. Ershad Ahmed S,https://vspkms110405-my.sharepoint.com/:v:/g/personal/rohan_vspkms110405_onmicrosoft_com/ERWn6wMLkV9PuKEKZDv2bW4B6hxzhcIJAN59uxxVYeg-Gw?e=thY9Bs,
,20,Numerical CS Amplifier,"Feb 25, 2025",25/02/25,Mr. Ershad Ahmed S,https://vspkms110405-my.sharepoint.com/:v:/g/personal/rohan_vspkms110405_onmicrosoft_com/EW5R7ugp0OpBmulw0M7w6skBo3M9RZNu-ksR4oq6R25nqA?e=eVBm3I,
,21,No Class,"Feb 27, 2025",27/02/25,Mr. Ershad Ahmed S,https://vspkms110405-my.sharepoint.com/:v:/g/personal/rohan_vspkms110405_onmicrosoft_com/EXdNtPS0tANKrBCER4XoX6gBhSiPDIQ4hiIUsoyg4MpKBQ?e=YQvrd7,
,22,Frequency Response CS Amplifier,"Mar 12, 2025",12/03/25,Mr. Ershad Ahmed S,https://vspkms110405-my.sharepoint.com/:v:/g/personal/rohan_vspkms110405_onmicrosoft_com/EXOrJ3OtD2pLj6OeQZKy6ZMB9KYtewFrAqWsPwGYtX-ttw?e=psOKPu,
,23,Class Cancelled,"Mar 13, 2025",13/03/25,Mr. Ershad Ahmed S,,
,24,No Topic Entered,"Mar 18, 2025",18/03/25,Mr. Ershad Ahmed S,,
EEE F242,1,Intro To Consys,"Jan 07, 2025",07/01/25,Pratyush Chakraborty,https://vspkms110405-my.sharepoint.com/:v:/g/personal/rohan_vspkms110405_onmicrosoft_com/EQXvqM-n39dOiPZywzWZsDoB4Qk93RsOiruvAyQkGHHN5Q,
,2,Types Of Systems,"Jan 09, 2025",09/01/25,Pratyush Chakraborty,https://vspkms110405-my.sharepoint.com/:v:/g/personal/rohan_vspkms110405_onmicrosoft_com/EfkihXS1l3xHsdg3rTYq1RQBZYlafGyCXCthImzfpEZb9Q,
,3,Laplace Transform 1,"Jan 13, 2025",13/01/25,Pratyush Chakraborty,https://vspkms110405-my.sharepoint.com/:v:/g/personal/rohan_vspkms110405_onmicrosoft_com/EX20G_h40dhAj3jOg-yC6LcBzpxEtjn5hoLIuOZrR9k5jw,
,4,Transfer Function Of System,"Jan 16, 2025",16/01/25,Pratyush Chakraborty,https://vspkms110405-my.sharepoint.com/:v:/g/personal/rohan_vspkms110405_onmicrosoft_com/EfIpCcUCKkFHplx_Oq9SW9EBVvUeNMYISz7n9WvyxO_EsQ,
,5,Op Amp Control System,"Jan 20, 2025",20/01/25,Pratyush Chakraborty,https://vspkms110405-my.sharepoint.com/:v:/g/personal/rohan_vspkms110405_onmicrosoft_com/EedQqefCUI5Mt0U-dFQpBs4BhFft5LUKOrGfnvJ_9or2Yw,
,6,Op Amp & Block Diagram,"Jan 21, 2025",21/01/25,Pratyush Chakraborty,https://vspkms110405-my.sharepoint.com/:v:/g/personal/rohan_vspkms110405_onmicrosoft_com/EfdyW6xF2BJPnoPF8VbcBRkBeCwvnwyfZXV6LTHs0cjq3g,
,7,Block Diagram,"Jan 23, 2025",23/01/25,Pratyush Chakraborty,https://vspkms110405-my.sharepoint.com/:v:/g/personal/rohan_vspkms110405_onmicrosoft_com/Ec2Bw3MTBgZJnksrb1n0ABYBM87Ugns-IccSif8n6WxZxg,
,8,Intro To SFG,"Jan 27, 2025",27/01/25,Pratyush Chakraborty,https://vspkms110405-my.sharepoint.com/:v:/g/personal/rohan_vspkms110405_onmicrosoft_com/EeaR8a5vLL1Pu589GJ33k4sBB_nqopUIdMsSvjMxfxDZxQ,
,9,No Topic Entered,"Jan 28, 2025",28/01/25,Pratyush Chakraborty,https://vspkms110405-my.sharepoint.com/:v:/g/personal/rohan_vspkms110405_onmicrosoft_com/EZBIdyPy8DZMpjycG4-ydkkB1HwzE3qDZzlx37EZ14eG5w,
,10,No Topic Entered,"Jan 30, 2025",30/01/25,Pratyush Chakraborty,https://vspkms110405-my.sharepoint.com/:v:/g/personal/rohan_vspkms110405_onmicrosoft_com/Eci42aS_bqhNhWqZ8oAiK9QB5b_HA8UHl8Fu4pJcqyRp-Q,
,11,No Topic Entered,"Feb 03, 2025",03/02/25,Pratyush Chakraborty,https://vspkms110405-my.sharepoint.com/:v:/g/personal/rohan_vspkms110405_onmicrosoft_com/EQBKvXKhiUNCmcFax6yXX5IBiZ8PY36NcV67vmA33_5g9Q,
,12,No Topic Entered,"Feb 04, 2025",04/02/25,Pratyush Chakraborty,https://vspkms110405-my.sharepoint.com/:v:/g/personal/rohan_vspkms110405_onmicrosoft_com/EeG0gqKDMhNGneDS9OJ7CJsBcm3RbN11Xu4UcWzKjRS25w,
,13,2nd Order Systems 2nd Order,"Feb 06, 2025",06/02/25,Pratyush Chakraborty,https://vspkms110405-my.sharepoint.com/:v:/g/personal/rohan_vspkms110405_onmicrosoft_com/Ed_U-58jRjtEst56_CgVoNEB5PYzyUEA4qEZqVol6K1Fqw,
,14,No Topic Entered,"Feb 10, 2025",10/02/25,Pratyush Chakraborty,https://vspkms110405-my.sharepoint.com/:v:/g/personal/rohan_vspkms110405_onmicrosoft_com/EUbjX0E6a2JOqn1IK-fEAGwBa-rLKxuvCWsgiRw5II6h_w,
,15,No Topic Entered,"Feb 11, 2025",11/02/25,Pratyush Chakraborty,https://vspkms110405-my.sharepoint.com/:v:/g/personal/rohan_vspkms110405_onmicrosoft_com/EaK9mCyqXw9Jo2WPSudcV_4BzhStsiHSwvUzSjsYonUY3w,
,16,No Topic Entered,"Feb 13, 2025",13/02/25,Pratyush Chakraborty,https://vspkms110405-my.sharepoint.com/:v:/g/personal/rohan_vspkms110405_onmicrosoft_com/EUSBIFpfnBBFgazf0zP4wCkBUHYYYzpZqfS8oxUYlN1dnQ,
,17,Time Response,"Feb 17, 2025",17/02/25,Pratyush Chakraborty,https://vspkms110405-my.sharepoint.com/:v:/g/personal/rohan_vspkms110405_onmicrosoft_com/Efj1JQNqxatDl3QV0JTmtGwBtXXxltJdxprD6l4lxlHMkg,
,18,No Topic Entered,"Feb 18, 2025",18/02/25,Pratyush Chakraborty,https://vspkms110405-my.sharepoint.com/:v:/g/personal/rohan_vspkms110405_onmicrosoft_com/EeImxZ_pHXZAsoxldi9udA0BtxOv7ryAhXVwH64XtELkNA,
,19,Routh Hurwitz Started,"Feb 20, 2025",20/02/25,Pratyush Chakraborty,https://vspkms110405-my.sharepoint.com/:v:/g/personal/rohan_vspkms110405_onmicrosoft_com/EZ6Zi-XzWSZPqH4xT57LBxcBBLY-6Weh9mAikCpYlPVkiw,
,20,Routh Hurwitz Cont.,"Feb 24, 2025",24/02/25,Pratyush Chakraborty,https://vspkms110405-my.sharepoint.com/:v:/g/personal/rohan_vspkms110405_onmicrosoft_com/EUXwOcW8LuBNh53TuKQnOnwBB8pzbVAvbg_LATfetZxeRw,
,21,Que. Prac (Pre-Mid),"Feb 25, 2025",25/02/25,Pratyush Chakraborty,,
,22,No Class,"Feb 27, 2025",27/02/25,Pratyush Chakraborty,,
,23,Root Locus Started,"Mar 10, 2025",10/03/25,Pratyush Chakraborty,,
,24,Root Locus Cont.,"Mar 13, 2025",13/03/25,Pratyush Chakraborty,,
,25,No Topic Entered,"Mar 17, 2025",17/03/25,Pratyush Chakraborty,,
EEE F242,1,Course Description,"Jan 8, 2025",08/01/25,Bvvsn Prabhakar Rao,https://vspkms110405-my.sharepoint.com/:v:/g/personal/rohan_vspkms110405_onmicrosoft_com/EfgynWcOMb5OpHuPwhCPUMkBa9yJt7KaWAsS1uDcKLf48w?e=k9i8lD,Bvvsn Prabhakar Rao
,2,Introduction + Classification,"Jan 10, 2025",10/01/25,Bvvsn Prabhakar Rao,https://vspkms110405-my.sharepoint.com/:v:/g/personal/rohan_vspkms110405_onmicrosoft_com/Ef8kNbvYMW5FlVzqQ1zidqABMBDvjDUfdsuubpBcxzoRGA?e=am4lqh,
,3,Classification Of Signals Course,"Jan 13, 2025",13/01/25,Bvvsn Prabhakar Rao,https://vspkms110405-my.sharepoint.com/:v:/g/personal/rohan_vspkms110405_onmicrosoft_com/EUO685SZKNNCjp_Mani7XN8BWsNB-LGK7E9fSKsnUKYfAg?e=qd8LJY,
,4,Energy and Power signals,"Jan 15, 2025",15/01/25,Bvvsn Prabhakar Rao,https://vspkms110405-my.sharepoint.com/:v:/g/personal/rohan_vspkms110405_onmicrosoft_com/Efaut-nJJfhBn0lLShTX_e4B8HqX-sYI9cammXf4Gc5vUA?e=3342pt,
,5,Signal Operations,"Jan 17, 2025",17/01/25,Bvvsn Prabhakar Rao,https://vspkms110405-my.sharepoint.com/:v:/g/personal/rohan_vspkms110405_onmicrosoft_com/EabP2hKEjLVJnmbyweh05RoBAIgQST_twuaS6aWy27gX-g?e=STHPz0,
,6,Standard Test Signals + Classification,"Jan 20, 2025",20/01/25,Bvvsn Prabhakar Rao,https://vspkms110405-my.sharepoint.com/:v:/g/personal/rohan_vspkms110405_onmicrosoft_com/EUmA6VbO7GNAoIkVclNiagsBOFQ5J6vflE5-M2-477Auvw?e=IHNdNz,
,7,Classification Of Systems Course,"Jan 22, 2025",22/01/25,Bvvsn Prabhakar Rao,https://vspkms110405-my.sharepoint.com/:v:/g/personal/rohan_vspkms110405_onmicrosoft_com/ERvXVw2Kno1OtAxjCja6t7MBAAOlhqUzQ6TDeEImrNAzpA?e=cKRVrP,
,8,Convolution + Responses,"Jan 24, 2025",24/01/25,Bvvsn Prabhakar Rao,https://vspkms110405-my.sharepoint.com/:v:/g/personal/rohan_vspkms110405_onmicrosoft_com/Ed1DBC83K6ZKrvyVVC9Wg60B9x4DPpC9w4rcUWACw4oacg?e=e5maLE,
,9,"Zero State, I/P Response Analysis","Jan 27, 2025",27/01/25,Bvvsn Prabhakar Rao,https://vspkms110405-my.sharepoint.com/:v:/g/personal/rohan_vspkms110405_onmicrosoft_com/ERrjJB96eDFNrPIES40sa-4BYYN2bE8xD3nFcLxbK1DJTw?e=gYVMUy,
,10,Convolution Ctd,"Jan 29, 2025",29/01/25,Bvvsn Prabhakar Rao,https://vspkms110405-my.sharepoint.com/:v:/g/personal/rohan_vspkms110405_onmicrosoft_com/ETxBKPzEpYhOvEtX6K81smYBelv6Z35vUlyiuVBkfJw6dw?e=Fa9i0C,
,11,Graphical Convolution Quick,"Jan 31, 2025",31/01/25,Bvvsn Prabhakar Rao,https://vspkms110405-my.sharepoint.com/:v:/g/personal/rohan_vspkms110405_onmicrosoft_com/EYE4eoEIHrVLsDV078T0BS4B07jDHw594HTt8Xv7-V7YPA?e=Ohtmnz,
,12,Fourier Series Started,"Feb 3, 2025",03/02/25,Bvvsn Prabhakar Rao,https://vspkms110405-my.sharepoint.com/:v:/g/personal/rohan_vspkms110405_onmicrosoft_com/EZUe2t3AEsxFi7nZjGYThNAB-PuU9FFxfWeebI3TWr7mvg?e=nk9ulf,
,13,Fourier series,"Feb 5, 2025",05/02/25,Bvvsn Prabhakar Rao,https://vspkms110405-my.sharepoint.com/:v:/g/personal/rohan_vspkms110405_onmicrosoft_com/EX_Xjoza6YFFum560pIrcNwBQJS52PEAWvxSqtb59SvmSQ?e=weIRT8,
,14,Fourier Series,"Feb 7, 2025",07/02/25,Bvvsn Prabhakar Rao,https://vspkms110405-my.sharepoint.com/:v:/g/personal/rohan_vspkms110405_onmicrosoft_com/EV9HmHJlXU5MlGx592EPpwYBArXd4tS4XN0t80xdLlCKjw?e=hRGXjZ,
,15,No Topic Entered,"Feb 10, 2025",10/02/25,Bvvsn Prabhakar Rao,https://vspkms110405-my.sharepoint.com/:v:/g/personal/rohan_vspkms110405_onmicrosoft_com/EfQP09nq28JPp_vrzl9ST3wBdCWP7KpsmcSV1pzf6WBWcA?e=3RyAeg,
,16,No Topic Entered,"Feb 12, 2025",12/02/25,Bvvsn Prabhakar Rao,https://vspkms110405-my.sharepoint.com/:v:/g/personal/rohan_vspkms110405_onmicrosoft_com/ETpRB-Bzui1CinOhnA7MF1QBY4lkm5EOBesm-EY7ma0hXQ?e=gqfAjE,
,17,No Topic Entered,"Feb 14, 2025",14/02/25,Bvvsn Prabhakar Rao,https://vspkms110405-my.sharepoint.com/:v:/g/personal/rohan_vspkms110405_onmicrosoft_com/EXUzuvFGhAdKrs3hCw--KQQBSbCO6XA7VjfksyoNr_V1zg?e=Bo2kBO,
,18,No Topic Entered,"Feb 17, 2025",17/02/25,Bvvsn Prabhakar Rao,https://vspkms110405-my.sharepoint.com/:v:/g/personal/rohan_vspkms110405_onmicrosoft_com/EfJTwKaHE5hPvLZGi_vNxaIBqk_hpJsUm0uoc5kS3gkT9Q?e=c5SihA,
,19,No Class? No Class?,"Feb 19, 2025",19/02/25,Bvvsn Prabhakar Rao,https://vspkms110405-my.sharepoint.com/:v:/g/personal/rohan_vspkms110405_onmicrosoft_com/EXgeuNgggkdJqIKpMYPiXsIBDOiNy0srIvvdXrPYpd7EHQ?e=LOvPQq,
,20,No Topic Entered,"Feb 21, 2025",21/02/25,Bvvsn Prabhakar Rao,https://vspkms110405-my.sharepoint.com/:v:/g/personal/rohan_vspkms110405_onmicrosoft_com/EfzpbX3JskhBmNr21OnHgw0BUUktdWrkQIJzbeWUQXZhQg?e=eZoJ1a,
,21,No Topic Entered,"Feb 22, 2025",22/02/25,Bvvsn Prabhakar Rao,https://vspkms110405-my.sharepoint.com/:v:/g/personal/rohan_vspkms110405_onmicrosoft_com/EbHOyjFbauVNhug738xF3EIBkHJuViIT8kmIE3vGF5Xf5g?e=cNeNGm,
,22,No Topic Entered,"Feb 24, 2025",24/02/25,Bvvsn Prabhakar Rao,https://vspkms110405-my.sharepoint.com/:v:/g/personal/rohan_vspkms110405_onmicrosoft_com/ESgqps9YuCJFv0esGNtY03ABo2PSW8j2ITghRKMOvJ0v9g?e=KgLfW8,
,23,No Topic Entered,"Feb 28, 2025",28/02/25,Bvvsn Prabhakar Rao,https://vspkms110405-my.sharepoint.com/:v:/g/personal/rohan_vspkms110405_onmicrosoft_com/EWSRqmz5HXFMtmqlPjgINX4B0EAUKzeH51HGtAyYt1fUrw?e=7R1WTZ,
,24,Properties Of Laplace Transform,"Mar 10, 2025",10/03/25,Bvvsn Prabhakar Rao,https://vspkms110405-my.sharepoint.com/:v:/g/personal/rohan_vspkms110405_onmicrosoft_com/EZt1AIzgcR9HqPmAIA2RzsoB7b2vLyZePLCx6NE1cl0ewA?e=npdpcU,
,25,No Topic Entered,"Mar 11, 2025",11/03/25,Bvvsn Prabhakar Rao,https://vspkms110405-my.sharepoint.com/:v:/g/personal/rohan_vspkms110405_onmicrosoft_com/EZt1AIzgcR9HqPmAIA2RzsoB7b2vLyZePLCx6NE1cl0ewA?e=npdpcU,
CS F211,1,No Topic Entered,"Jan 8, 2025",08/01/25,CHITTARANJAN HOTA,https://vspkms110405-my.sharepoint.com/:v:/g/personal/rohan_vspkms110405_onmicrosoft_com/Eb85XxfhKzJMoXyJQIbIJ4QBwwTanQo1PvChQ4vKXjopTg,
,2,Intro To C++,"Jan 10, 2025",10/01/25,CHITTARANJAN HOTA,https://vspkms110405-my.sharepoint.com/:v:/g/personal/rohan_vspkms110405_onmicrosoft_com/EZ0rmmMji0VJtUBSxF4-s4kBSS3uGyaMSh8rBM_SDy4Z4w,
,3,No Topic Entered,"Jan 13, 2025",13/01/25,CHITTARANJAN HOTA,https://vspkms110405-my.sharepoint.com/:v:/g/personal/rohan_vspkms110405_onmicrosoft_com/ET7kRMw8JblGtN0sP77De0ABIV9RLCIl1hoF_MKr4OifjA,
,4,No Topic Entered,"Jan 15, 2025",15/01/25,CHITTARANJAN HOTA,https://vspkms110405-my.sharepoint.com/:v:/g/personal/rohan_vspkms110405_onmicrosoft_com/EVD3R6iHJT1Nja8Dy730Ze0BLCU84pVCavAtAXvBeimN8w,
,5,No Topic Entered,"Jan 17, 2025",17/01/25,CHITTARANJAN HOTA,https://vspkms110405-my.sharepoint.com/:v:/g/personal/rohan_vspkms110405_onmicrosoft_com/EapPH-nooDRCmUfmzyVKzT4BjeBSmRlHzqhyRvFc4V-Wwg,
,6,No Topic Entered,"Jan 20, 2025",20/01/25,CHITTARANJAN HOTA,https://vspkms110405-my.sharepoint.com/:v:/g/personal/rohan_vspkms110405_onmicrosoft_com/EdnR5mXNGXFOk2YIUUJEx3sBVZzstkACNrXuPyLinC5a7Q,
,7,No Topic Entered,"Jan 22, 2025",22/01/25,CHITTARANJAN HOTA,https://vspkms110405-my.sharepoint.com/:v:/g/personal/rohan_vspkms110405_onmicrosoft_com/EWOFEarVMiNNiBReNTDC2tkBv2azEnU7OUyEp6VikhSSgw,
,8,No Topic Entered,"Jan 24, 2025",24/01/25,CHITTARANJAN HOTA,https://vspkms110405-my.sharepoint.com/:v:/g/personal/rohan_vspkms110405_onmicrosoft_com/EayFX_SFaqZChsr-RrEmXiUBxbBMnc_ObekNk0eUQlaNKg,
,9,No Topic Entered,"Jan 27, 2025",27/01/25,CHITTARANJAN HOTA,https://vspkms110405-my.sharepoint.com/:v:/g/personal/rohan_vspkms110405_onmicrosoft_com/EZPTd3XJ58JEpagXO4zW_PoB8vkLVdBV12QPIh5OiamAAg,
,10,No Topic Entered,"Jan 29, 2025",29/01/25,CHITTARANJAN HOTA,https://vspkms110405-my.sharepoint.com/:v:/g/personal/rohan_vspkms110405_onmicrosoft_com/EevtybnNffxEj7F5SHgM8LMBy7K7_6iTLAwZSxKznr-zPA,
,11,No Topic Entered,"Jan 31, 2025",31/01/25,CHITTARANJAN HOTA,https://vspkms110405-my.sharepoint.com/:v:/g/personal/rohan_vspkms110405_onmicrosoft_com/Eeso1A4dr-9Kh9LPyKw_WV4BzGm1Yr0lfB6SUa2XMIEPow,
,12,No Topic Entered,"Feb 3, 2025",03/02/25,CHITTARANJAN HOTA,https://vspkms110405-my.sharepoint.com/:v:/g/personal/rohan_vspkms110405_onmicrosoft_com/EU6bZBYcPElGiuIFBeen3RUBitlRYF3yd3c3NgTar_PFSQ,
,13,No Topic Entered,"Feb 5, 2025",05/02/25,CHITTARANJAN HOTA,https://vspkms110405-my.sharepoint.com/:v:/g/personal/rohan_vspkms110405_onmicrosoft_com/EaJZQfMOw6dCt9WqhqBtjksBOsJHeGhgBqJUTvt4C-O9Ng,
,14,No Topic Entered,"Feb 7, 2025",07/02/25,CHITTARANJAN HOTA,https://vspkms110405-my.sharepoint.com/:v:/g/personal/rohan_vspkms110405_onmicrosoft_com/EfF4mA6DSF9EkVtBVfXo83cBNHh8qUkYFz7XKlA21LzRwQ,
,15,No Topic Entered,"Feb 10, 2025",10/02/25,CHITTARANJAN HOTA,https://vspkms110405-my.sharepoint.com/:v:/g/personal/rohan_vspkms110405_onmicrosoft_com/EaJ7DCYHEK9OvPnInMJ5ONkBo59D6cR1QXESb7hkUCpl1g,
,16,No Topic Entered,"Feb 12, 2025",12/02/25,CHITTARANJAN HOTA,https://vspkms110405-my.sharepoint.com/:v:/g/personal/rohan_vspkms110405_onmicrosoft_com/Ee6xDmpHwuBAv3CNSTaATnUB8AMxzQJLUFrakiEqMGEZMg,
,17,No Topic Entered,"Feb 14, 2025",14/02/25,CHITTARANJAN HOTA,https://vspkms110405-my.sharepoint.com/:v:/g/personal/rohan_vspkms110405_onmicrosoft_com/EQEyTgJB9XpIjFkJWfOwt28BFqy8tbBSMsuJTn8Tey_5BQ,
,18,No Topic Entered,"Feb 17, 2025",17/02/25,CHITTARANJAN HOTA,https://vspkms110405-my.sharepoint.com/:v:/g/personal/rohan_vspkms110405_onmicrosoft_com/EbA8xGuEybtPmalQbI47VEUB_zVSg624VUfFRVQbpUAorw,
,19,No Topic Entered,"Feb 19, 2025",19/02/25,CHITTARANJAN HOTA,https://vspkms110405-my.sharepoint.com/:v:/g/personal/rohan_vspkms110405_onmicrosoft_com/EYMoBoQpHp1MkgJsiuzWBZ0BDu6nC4ep4-kNBaLYr_zINA,
,20,No Topic Entered,"Feb 21, 2025",21/02/25,CHITTARANJAN HOTA,https://vspkms110405-my.sharepoint.com/:v:/g/personal/rohan_vspkms110405_onmicrosoft_com/EXgPUWKEAUJBv57qJ4_KgUkBli8Uk479889UfsruoktqDQ,
,21,No Topic Entered,"Feb 24, 2025",24/02/25,CHITTARANJAN HOTA,https://vspkms110405-my.sharepoint.com/:v:/g/personal/rohan_vspkms110405_onmicrosoft_com/ESZvOv59F7FNvu7orlbu-yIBoLoKPktwbqzFcUMNGwSrJw?nav=eyJyZWZlcnJhbEluZm8iOnsicmVmZXJyYWxBcHAiOiJPbmVEcml2ZUZvckJ1c2luZXNzIiwicmVmZXJyYWxBcHBQbGF0Zm9ybSI6IldlYiIsInJlZmVycmFsTW9kZSI6InZpZXciLCJyZWZlcnJhbFZpZXciOiJNeUZpbGVzTGlua0NvcHkifX0&e=GeX9fF,
,22,No Topic Entered,"Feb 28, 2025",28/02/25,CHITTARANJAN HOTA,https://vspkms110405-my.sharepoint.com/:v:/g/personal/rohan_vspkms110405_onmicrosoft_com/EWhaqjbvlj5Oq_ZTl1hhBD8Bq2p3QhA19TBDEd0EjDsTKA?nav=eyJyZWZlcnJhbEluZm8iOnsicmVmZXJyYWxBcHAiOiJPbmVEcml2ZUZvckJ1c2luZXNzIiwicmVmZXJyYWxBcHBQbGF0Zm9ybSI6IldlYiIsInJlZmVycmFsTW9kZSI6InZpZXciLCJyZWZlcnJhbFZpZXciOiJNeUZpbGVzTGlua0NvcHkifX0&e=oBMZt5,
,23,No Topic Entered,"Mar 10, 2025",10/03/25,CHITTARANJAN HOTA,https://vspkms110405-my.sharepoint.com/:v:/g/personal/rohan_vspkms110405_onmicrosoft_com/EcmhebApxBxJqbDfEwvtQKABHxqBexkv324emWuEYYpdLg?nav=eyJyZWZlcnJhbEluZm8iOnsicmVmZXJyYWxBcHAiOiJPbmVEcml2ZUZvckJ1c2luZXNzIiwicmVmZXJyYWxBcHBQbGF0Zm9ybSI6IldlYiIsInJlZmVycmFsTW9kZSI6InZpZXciLCJyZWZlcnJhbFZpZXciOiJNeUZpbGVzTGlua0NvcHkifX0&e=gpoPiG,
,24,No Topic Entered,"Mar 12, 2025",12/03/25,CHITTARANJAN HOTA,https://vspkms110405-my.sharepoint.com/:v:/g/personal/rohan_vspkms110405_onmicrosoft_com/ETSiDiHilBBGoUFI3JyhEWYBmxmLGcaG9B9D2RBihc3Ydw?nav=eyJyZWZlcnJhbEluZm8iOnsicmVmZXJyYWxBcHAiOiJPbmVEcml2ZUZvckJ1c2luZXNzIiwicmVmZXJyYWxBcHBQbGF0Zm9ybSI6IldlYiIsInJlZmVycmFsTW9kZSI6InZpZXciLCJyZWZlcnJhbFZpZXciOiJNeUZpbGVzTGlua0NvcHkifX0&e=hMDKDt,
,25,No Topic Entered,"Mar 17, 2025",17/03/25,CHITTARANJAN HOTA,https://vspkms110405-my.sharepoint.com/:v:/g/personal/rohan_vspkms110405_onmicrosoft_com/EXb25pKgdxtFr_34M943rL8B1f6CIo1r9PcPDWwNcLggUg?nav=eyJyZWZlcnJhbEluZm8iOnsicmVmZXJyYWxBcHAiOiJPbmVEcml2ZUZvckJ1c2luZXNzIiwicmVmZXJyYWxBcHBQbGF0Zm9ybSI6IldlYiIsInJlZmVycmFsTW9kZSI6InZpZXciLCJyZWZlcnJhbFZpZXciOiJNeUZpbGVzTGlua0NvcHkifX0&e=rAptzr,
CS F363,1,Introduction,"Jan 07, 2025",07/01/25,Raghunath Reddy M,https://vspkms110405-my.sharepoint.com/:v:/g/personal/rohan_vspkms110405_onmicrosoft_com/EWkGDcctCJRCpo3-_8ofj4kBlNI5afOoUr2ZR7h9j9_5Zw,
,2,Lexer_Scanner,"Jan 09, 2025",09/01/25,Raghunath Reddy M,https://vspkms110405-my.sharepoint.com/:v:/g/personal/rohan_vspkms110405_onmicrosoft_com/EX5UM-0EptJAqUH5qeg3_74B_uC1Nu-jkahKdhLONhMlcw,
,3,Recognization Of Tokens,"Jan 10, 2025",10/01/25,Raghunath Reddy M,https://vspkms110405-my.sharepoint.com/:v:/g/personal/rohan_vspkms110405_onmicrosoft_com/EXFQmBFWi61GmL40_vhVQXAB3FWAhVZh5rQgHaGM9i_W3Q,
,4,Lexical Errors And Parsing,"Jan 16, 2025",16/01/25,Raghunath Reddy M,https://vspkms110405-my.sharepoint.com/:v:/g/personal/rohan_vspkms110405_onmicrosoft_com/EUlazgQ6Dm9BnPfwB82wCCwBVqrwfddddT3ninWDdm0NJw,
,5,No Topic Entered,"Jan 21, 2025",21/01/25,Raghunath Reddy M,https://vspkms110405-my.sharepoint.com/:v:/g/personal/rohan_vspkms110405_onmicrosoft_com/EVP5rEdgZV1Gpk1oUfJtKEwBWOdGbJoN6Qv4Yd-GvdbVgA,
,6,No Topic Entered,"Jan 23, 2025",23/01/25,Raghunath Reddy M,https://vspkms110405-my.sharepoint.com/:v:/g/personal/rohan_vspkms110405_onmicrosoft_com/EXPQl_U3oRRCjaRZz2rDLuwBS9N45w_9l_VjHYrQg9mL6g,
,7,No Topic Entered,"Jan 28, 2025",28/01/25,Raghunath Reddy M,https://vspkms110405-my.sharepoint.com/:v:/g/personal/rohan_vspkms110405_onmicrosoft_com/EfzBDiulOAJOljh58I0hESsBhoaNoa_rynax0-39KNt9hA,
,8,No Topic Entered,"Jan 30, 2025",30/01/25,Raghunath Reddy M,https://vspkms110405-my.sharepoint.com/:v:/g/personal/rohan_vspkms110405_onmicrosoft_com/EdRBMjZsvqVIiLEM8-KQsIMBIvoCU204Djz-eQ6aM6DyGg,
,9,Error Handling,"Feb 04, 2025",04/02/25,Raghunath Reddy M,https://vspkms110405-my.sharepoint.com/:v:/g/personal/rohan_vspkms110405_onmicrosoft_com/Ee6HhQ192lxNvPDZK5OKTKQB42n4y47RUp7gOmMktCe5AQ,
,10,Bottom Up Parsing,"Feb 06, 2025",06/02/25,Raghunath Reddy M,https://vspkms110405-my.sharepoint.com/:v:/g/personal/rohan_vspkms110405_onmicrosoft_com/ESRWbEnx8gBGl-MRqqtz9iQB9iIj9W0ldouFcXQjtJjEVA,
,11,LR(0) Item Sets,"Feb 11, 2025",11/02/25,Raghunath Reddy M,https://vspkms110405-my.sharepoint.com/:v:/g/personal/rohan_vspkms110405_onmicrosoft_com/EWYC_D3wOQBIr_sG2dLzv3YBWEKQAwnSH9aJP4535mKKSw,
,12,LR(0) Automaton & SLR(1),"Feb 13, 2025",13/02/25,Raghunath Reddy M,https://vspkms110405-my.sharepoint.com/:v:/g/personal/rohan_vspkms110405_onmicrosoft_com/ETnwVu9F2FBIk2qZeXbQb9gBU_r1HnUEZmXF1ySGT_qZGg,
,13,No Topic Entered,"Feb 18, 2025",18/02/25,Raghunath Reddy M,https://vspkms110405-my.sharepoint.com/:v:/g/personal/rohan_vspkms110405_onmicrosoft_com/EWUXuFULL5lLqByrs7JqeKMBCMMf7AK_WztKiKC7RJIQ1Q,
,14,No Topic Entered,"Feb 20, 2025",20/02/25,Raghunath Reddy M,https://vspkms110405-my.sharepoint.com/:v:/g/personal/rohan_vspkms110405_onmicrosoft_com/EfpUxAhPgIdGtbhwiz5uZqQB-S66O9gplneEUDwUpRBGow,
,15,No Topic Entered,"Feb 25, 2025",25/02/25,Raghunath Reddy M,https://vspkms110405-my.sharepoint.com/:v:/g/personal/rohan_vspkms110405_onmicrosoft_com/EQ6X67cDQD9PpfQYB_fiHB0ByDNyQw7_dE4inGc_rptFIQ,
,16,No Topic Entered,"Feb 27, 2025",27/02/25,Raghunath Reddy M,https://vspkms110405-my.sharepoint.com/:v:/g/personal/rohan_vspkms110405_onmicrosoft_com/ES87VFWX-oRPiJ5W2GVuERYB8iF8KT0HBqqKHMQe3uX1YQ,
,17,SDD and SDT,"Mar 13, 2025",13/03/25,Raghunath Reddy M,https://vspkms110405-my.sharepoint.com/:v:/g/personal/rohan_vspkms110405_onmicrosoft_com/EeMmAZLoSoRLspWTD-9eFCgBpeJ4pYLI6UaoA9X3FJmoGw,
,18,S-Attr Grammar & Dependency Graphs,"Mar 18, 2025",18/03/25,Raghunath Reddy M,https://vspkms110405-my.sharepoint.com/:v:/g/personal/rohan_vspkms110405_onmicrosoft_com/EVVrp7sh61RIrf4VKwqZrHMBnGSiJ8RLx4vPoWQdV4_HMA,
CS F303,1,No Topic Entered,"Jan 08, 2025",08/01/25,Nikumani Choudhury,https://vspkms110405-my.sharepoint.com/:v:/g/personal/rohan_vspkms110405_onmicrosoft_com/EQadqCS_L25Gq_fT-Z9KLSQBftYX9K7MlddxHhGEpMR3hg,
,2,No Topic Entered,"Jan 10, 2025",10/01/25,Nikumani Choudhury,https://vspkms110405-my.sharepoint.com/:v:/g/personal/rohan_vspkms110405_onmicrosoft_com/EcCSvo-imbJBnz2kr-sU8dsB0oVKwdzLy3_0txlnT7ZIjg,
,3,No Topic Entered,"Jan 13, 2025",13/01/25,Nikumani Choudhury,https://vspkms110405-my.sharepoint.com/:v:/g/personal/rohan_vspkms110405_onmicrosoft_com/EdMEwe9vm_ZPuU_TWAJQh4QBSn_MLEYa9ie726G3UvVMKg,
,4,No Topic Entered,"Jan 15, 2025",15/01/25,Nikumani Choudhury,https://vspkms110405-my.sharepoint.com/:v:/g/personal/rohan_vspkms110405_onmicrosoft_com/EaDRgrbZzjBFn2WD-_kYwkABN-f9VIMbPBYO7qzs9aSGTg,
,5,Http,"Jan 17, 2025",17/01/25,Nikumani Choudhury,https://vspkms110405-my.sharepoint.com/:v:/g/personal/rohan_vspkms110405_onmicrosoft_com/ETemnFlFFHhBgFRjo2wU3qEBv8v55v8uZ8Tbp3uCkKlh3w,
,6,Web Cache,"Jan 20, 2025",20/01/25,Nikumani Choudhury,https://vspkms110405-my.sharepoint.com/:v:/g/personal/rohan_vspkms110405_onmicrosoft_com/EdgjeT82xodJgRf_bpLfLPwBfH9sZEfPXKBSLqjLY_YBoA,
,7,E-Mail,"Jan 22, 2025",22/01/25,Nikumani Choudhury,https://vspkms110405-my.sharepoint.com/:v:/g/personal/rohan_vspkms110405_onmicrosoft_com/EXxwREK5KeJEgJSN2rTfypAB7xbbryVz0DZkDKUtkqSYIg,
,8,DNS,"Jan 24, 2025",24/01/25,Nikumani Choudhury,https://vspkms110405-my.sharepoint.com/:v:/g/personal/rohan_vspkms110405_onmicrosoft_com/ESYBYds-0UNAr8dou258g5MBy71cE_Kq5hE-NesJvxvPHA,
,9,No Topic Entered,"Jan 27, 2025",27/01/25,Nikumani Choudhury,https://vspkms110405-my.sharepoint.com/:v:/g/personal/rohan_vspkms110405_onmicrosoft_com/EX-jeN-W8K1CnX_z739QLYQBsv-3bLRRYjA7JFZum6hgrg,
,10,No Topic Entered,"Jan 29, 2025",29/01/25,Nikumani Choudhury,https://vspkms110405-my.sharepoint.com/:v:/g/personal/rohan_vspkms110405_onmicrosoft_com/EYOnVJMlVWZJqfC3mkyLAPYBxUZcp2Ci_P53tLuB03bsPA,
,11,UDP & RDT,"Jan 31, 2025",31/01/25,Nikumani Choudhury,https://vspkms110405-my.sharepoint.com/:v:/g/personal/rohan_vspkms110405_onmicrosoft_com/EV3LkcJpnx9JlSKjHU20e9wB4VzqQd3Kp7NIdDIrZDFLFA,
,12,RDT 2.2 & RDT 3.0,"Feb 03, 2025",03/02/25,Nikumani Choudhury,https://vspkms110405-my.sharepoint.com/:v:/g/personal/rohan_vspkms110405_onmicrosoft_com/EfhitqiXcfVKnHEseSrG6yQBWGVxEDoPRN9Zh4Z0_dY7rA,
,13,RDT 3.0 & Go Back N,"Feb 05, 2025",05/02/25,Nikumani Choudhury,https://vspkms110405-my.sharepoint.com/:v:/g/personal/rohan_vspkms110405_onmicrosoft_com/Eak4DD-OkKZMkp4NVcKrrd8BKhxnplL3WNCYRR_6QSK53Q,
,14,GBN Qs+Selective Repeat,"Feb 07, 2025",07/02/25,Nikumani Choudhury,https://vspkms110405-my.sharepoint.com/:v:/g/personal/rohan_vspkms110405_onmicrosoft_com/EdmAD81W4dJJlGINa-7_InYBtL9vMKbJtlPvYFRwJwlzUA,
,15,TCP,"Feb 10, 2025",10/02/25,Nikumani Choudhury,https://vspkms110405-my.sharepoint.com/:v:/g/personal/rohan_vspkms110405_onmicrosoft_com/ERxPzyuOIolKsY2xtjDYv-cBPvy3LydEkTNg79E8jTyK-A,
,16,No Topic Entered,"Feb 12, 2025",12/02/25,Nikumani Choudhury,https://vspkms110405-my.sharepoint.com/:v:/g/personal/rohan_vspkms110405_onmicrosoft_com/EQpMBn2OBR9EqJ4MOJBpc10BUWrTFKC4UNnzXqEXyhfGGw,
,17,No Topic Entered,"Feb 14, 2025",14/02/25,Nikumani Choudhury,https://vspkms110405-my.sharepoint.com/:v:/g/personal/rohan_vspkms110405_onmicrosoft_com/ETJr-zSSj-BBghArrA2Muq8BCcYdI6l9PSTS3kaHt_c6TA,
,18,TCP Congestion,"Feb 17, 2025",17/02/25,Nikumani Choudhury,https://vspkms110405-my.sharepoint.com/:v:/g/personal/rohan_vspkms110405_onmicrosoft_com/EcWEpJFoDzZCuurqgualPUABlCaXI5W1Vi5uEBDRzeU4dA,
,19,No Topic Entered,"Feb 19, 2025",19/02/25,Nikumani Choudhury,https://vspkms110405-my.sharepoint.com/:v:/g/personal/rohan_vspkms110405_onmicrosoft_com/ETGZ62T3jDJNvVDOcXykvzoBZFXaWJvbIxU1dtd_YU4rwQ,
,20,No Topic Entered,"Feb 21, 2025",21/02/25,Nikumani Choudhury,,
,21,No Topic Entered,"Feb 24, 2025",24/02/25,Nikumani Choudhury,,
,22,No Topic Entered,"Feb 28, 2025",28/02/25,Nikumani Choudhury,,
,23,No Topic Entered,"Mar 10, 2025",10/03/25,Nikumani Choudhury,,
,24,No Topic Entered,"Mar 11, 2025",11/03/25,Nikumani Choudhury,,
,25,No Topic Entered,"Mar 12, 2025",12/03/25,Nikumani Choudhury,,
,26,No Topic Entered,"Mar 17, 2025",17/03/25,Nikumani Choudhury,,